NO,FORMULA,COMPOUND NAME,MOLWT,TFP,TBP,TC,PC,VC,LDEN,TDEN,HVAP,VISA,VISB,DELHF,DELGF,CPVAPA,CPVAPB,CPVAPC,CPVAPD,ANTA,ANTB,ANTC,TMN,TMX,,title
1,Ar,ARGON,39.948,-189.9,-185.9,150.8,48.7,0.075,1373,-183,6531,107.57,58.76,,,20.804,-3.21E-05,5.17E-08,,15.233,700.51,-5.84,-192,-179,,"Ar, ARGON"
2,BCl3,BORON TRICHLORIDE,117.169,-107.3,12.5,452,38.7,,1350,11,,,,,,,,,,,,,,,,"BCl3, BORON TRICHLORIDE"
3,BF3,BORON TRIFLUORIDE,67.805,-126.7,-99.9,260.8,49.9,,,,,,,,,,,,,,,,,,,"BF3, BORON TRIFLUORIDE"
4,Br2,BROMINE,159.808,-7.2,58.7,584,103.4,0.127,3119,20,30187,387.82,292.79,,,33.859,1.13E-02,-1.19E-05,4.53E-09,15.8441,2582.32,-51.56,-14,81,,"Br2, BROMINE"
5,ClNO,NITROSYL CHLORIDE,65.459,-59.7,-5.5,440,91.2,0.139,1420,-12,25707,,,52.63,66.99,34.097,4.47E-02,-3.34E-05,1.01E-08,16.9505,2520.7,-23.46,-63,12,,"ClNO, NITROSYL CHLORIDE"
6,Cl2,CHLORINE,70.906,-101,-34.5,417,77,0.124,1563,-34,20432,191.96,172.35,,,26.929,3.38E-02,-3.87E-05,1.55E-08,15.961,1978.32,-27.01,-101,-9,,"Cl2, CHLORINE"
7,Cl3P,PROSPHORUS TRICHLORIDE,137.333,-112.2,75.8,563,,0.26,1574,21,,,,,,,,,,,,,,,,"Cl3P, PROSPHORUS TRICHLORIDE"
8,Cl4Si,SILICON TETRACHLORIDE,169.898,-68.9,57.2,507,37.5,0.326,1480,20,27549,,,,,,,,,15.8019,2634.16,-43.15,-35,91,,"Cl4Si, SILICON TETRACHLORIDE"
9,D2,DEUTERIUM,4.032,-254.5,-249.5,38.4,16.6,0.06,165,-250,1223,19.67,8.38,,,30.25,-6.41E-03,1.17E-05,-3.68E-09,13.2954,157.89,,-254,-248,,"D2, DEUTERIUM"
10,D2O,DEUTERIUM OXIDE,20.031,3.8,101.4,644,216.6,0.056,1105,20,41366,757.92,304.58,-249.41,-234.8,,,,,,,,,,,"D2O, DEUTERIUM OXIDE"
11,F2,FLUORINE,37.997,-219.7,-188.2,144.3,52.2,0.066,1510,-188,6531,84.2,52.52,,,23.216,3.66E-02,-3.46E-05,1.20E-08,15.67,714.1,-6,-214,-182,,"F2, FLUORINE"
12,F3N,NITROGEN TRIFLUORIDE,71.002,-206.8,-129.1,234,45.3,,1537,-129,,,,-124.68,-127.19,,,,,15.6107,1155.69,-15.37,-170,-118,,"F3N, NITROGEN TRIFLUORIDE"
13,F4Si,SILICON TETRAFLUORIDE,104.08,-90.2,-86.2,259,37.2,,1660,-95,,,,,,,,,,,,,,,,"F4Si, SILICON TETRAFLUORIDE"
14,F6S,SULPHUR HEXAFLUORIDE,146.05,-50.7,-63.9,318.7,37.6,0.198,1830,-50,,251.29,180.75,-1221.71,-1117.88,,,,,19.3785,2524.78,-11.16,-114,-53,,"F6S, SULPHUR HEXAFLUORIDE"
15,HBr,HYDROGEN BROMIDE,80.912,-86.1,-67.1,363.2,85.5,0.1,2160,-57,17668,88.08,166.32,-36.26,-53.3,30.647,-9.46E-03,-1.72E-05,-6.24E-09,14.4687,1242.53,-47.86,-89,-52,,"HBr, HYDROGEN BROMIDE"
16,HCl,HYDROGEN CHLORIDE,36.461,-114.2,-85.1,324.6,83.1,0.081,1193,-85,16161,372.78,277.74,-92.36,-95.33,30.291,-7.20E-03,1.25E-05,-3.90E-09,16.504,1714.25,-14.45,-136,-73,,"HCl, HYDROGEN CHLORIDE"
17,HF,HYDROGEN FLUORIDE,20.006,-83.2,19.5,461,64.8,0.069,967,20,6699,438.74,199.62,-271.3,-273.4,29.061,6.61E-04,-2.03E-06,2.50E-09,17.6958,3404.49,15.06,-67,40,,"HF, HYDROGEN FLUORIDE"
18,H1,HYDROGEN IODIDE,127.912,-50.8,-35.6,424,83.1,0.131,2803,-36,19778,155.15,285.43,26.38,1.59,31.158,-1.43E-02,2.97E-05,-1.35E-08,12.9149,957.96,-85.06,-58,-17,,"H1, HYDROGEN IODIDE"
19,H2,HYDROGEN,2.016,-259.2,-252.8,33.2,13,0.065,71,-253,904,13.82,5.39,,,27.143,9.27E-03,-1.38E-05,7.65E-09,13.6333,164.9,3.19,-259,-248,,"H2, HYDROGEN"
20,H2O,WATER,18.015,0,100,647.3,220.5,0.056,998,20,40683,658.25,283.16,-242,-228.77,32.243,1.92E-03,1.06E-05,-3.60E-09,18.3036,3816.44,-46.13,11,168,,"H2O, WATER"
21,H2S,HYDROGEN SULPHIDE,34.08,-85.6,-60.4,373.2,89.4,0.099,993,-60,18673,342.79,165.54,-20.18,-33.08,31.941,1.44E-03,2.43E-05,-1.18E-08,16.104,1768.69,-26.06,-83,-43,,"H2S, HYDROGEN SULPHIDE"
22,H3N,AMMONIA,17.031,-77.8,-33.5,405.6,112.8,0.073,639,0,23362,349.02,169.63,-45.72,-16.16,27.315,2.38E-02,1.71E-05,-1.19E-08,16.9481,2132.5,-32.98,-94,-12,,"H3N, AMMONIA"
23,H3P,PHOSPHINE,33.998,-133.8,-87.5,324.8,62.7,0.113,,,14725,,,229.44,,23.228,4.40E-02,1.30E-05,-1.59E-08,,,,,,,"H3P, PHOSPHINE"
24,H4N2,HYDRAZINE,32.045,1.5,113.5,653,146.9,0.096,1008,20,44799,524.98,290.88,95.25,158.64,9.768,1.89E-01,-1.66E-04,6.02E-08,17.9899,3877.65,-45.15,15,70,,"H4N2, HYDRAZINE"
25,H4Si,SILANE,32.112,-185,-112.2,269.7,48.4,,680,88,,,,32.66,54.93,11.179,1.22E-01,-5.55E-05,6.84E-09,16.3424,1629.99,5.35,-111,-179,,"H4Si, SILANE"
26,He(4),HELIUM–4,4.003,,-269,5.2,2.3,0.057,123,-269,92,,,,,,,,,12.2514,33.73,1.79,-269,-269,,"He(4), HELIUM–4"
27,I2,IODINE,253.808,113.6,184.3,819,116.5,0.155,3740,180,41868,559.62,520.55,,,35.592,6.51E-03,-6.99E-06,2.83E-09,16.1597,3709.23,-68.16,110,214,,"I2, IODINE"
28,Kr,KRYPTON,83.8,-157.4,-153.4,209.4,55,0.091,2420,-153,9667,,,,,,,,,15.2677,958.75,-8.71,-160,-144,,"Kr, KRYPTON"
29,NO,NITRIC OXIDE,30.006,-163.7,-151.8,180,64.8,0.058,1280,-152,13816,,,90.43,86.75,29.345,-9.38E-04,9.75E-06,-4.19E-09,20.1314,1572.52,-4.88,-178,-133,,"NO, NITRIC OXIDE"
30,NO2,NITROGEN DIOXIDE,46.006,-11.3,21.1,431.4,101.3,0.17,1447,20,19071,406.2,230.21,33.87,52,24.233,4.84E-02,-2.08E-05,2.93E-10,20.5324,4141.29,3.65,-43,47,,"NO2, NITROGEN DIOXIDE"
31,N2,NITROGEN,28.013,-209.9,-195.8,126.2,33.9,0.09,805,-195,5581,90.3,46.14,,,31.15,-1.36E-02,2.68E-05,-1.17E-08,14.9542,588.72,-6.6,-219,-183,,"N2, NITROGEN"
32,N20,NITROUS OXIDE,44.013,-90.9,-88.5,309.6,72.4,0.097,1226,-90,16559,,,81.6,103.71,21.621,7.28E-02,-5.78E-05,1.83E-08,16.1271,1506.49,25.99,-129,-73,,"N20, NITROUS OXIDE"
33,Ne,NEON,20.183,-248.7,-246.2,44.4,27.6,0.042,1204,-246,1842,,,,,20.786,,,,14.0099,180.47,-2.61,-249,-244,,"Ne, NEON"
34,O2,OXYGEN,31.999,-218.8,-183,154.6,50.5,0.073,1149,-183,6824,85.68,51.5,,,28.106,-3.68E-06,1.75E-05,-1.07E-08,15.4075,734.55,-6.45,-210,-173,,"O2, OXYGEN"
35,O2S,SULPHUR DIOXIDE,64.063,-75.5,-10.2,430.8,78.8,0.122,1455,-10,24932,397.85,208.42,-297.05,-300.36,23.852,6.70E-02,-4.96E-05,1.33E-08,16.768,2302.35,-35.97,-78,7,,"O2S, SULPHUR DIOXIDE"
36,O3,OZONE,47.998,-192.7,-111.9,261,55.7,0.089,1356,-112,11179,313.79,120.34,142.77,162.91,20.545,8.01E-02,-6.24E-05,1.70E-08,15.7427,1272.18,-22.16,-164,-99,,"O3, OZONE"
37,O3S,SULPHUR TRIOXIDE,80.058,16.8,44.8,491,82.1,0.13,1780,45,40679,1372.8,315.99,-395.53,-370.62,16.37,1.46E-01,-1.12E-04,3.24E-08,20.8403,3995.7,-36.66,17,59,,"O3S, SULPHUR TRIOXIDE"
38,Xe,XENON,131.3,-111.9,-108.2,289.7,58.4,0.118,3060,-108,13013,,,,,,,,,15.2958,1303.92,-14.5,-115,-95,,"Xe, XENON"
39,CBrF3,TRIFLUOROBROMOMETHANE,148.91,,-59.2,340.2,39.7,0.2,,,,,,-649.37,-623,,,,,,,,,,,"CBrF3, TRIFLUOROBROMOMETHANE"
40,CClF3,CHLOROTRIFLUOROMETHANE,104.459,-181.2,-81.5,302,39.2,0.18,,,"15,516",,,-695.01,-654.4,22.814,1.91E-01,-1.58E-04,4.46E-08,,,,,,,"CClF3, CHLOROTRIFLUOROMETHANE"
41,CCl2F2,DICHLORODIFLUOROMETHANE,120.914,-157.8,-29.8,385,41.2,0.217,1750,-115,"19,979",215.09,165.55,-481.48,-442.54,31.598,1.78E-01,-1.51E-04,4.34E-08,,,,,,,"CCl2F2, DICHLORODIFLUOROMETHANE"
42,CCl2O,PHOSGENE,98.916,-128.2,7.6,455,56.7,0.19,1361,20,"24,409",,,-221.06,-206.91,28.089,1.36E-01,-1.37E-04,5.07E-08,15.7565,2167.31,-43.15,-60,68,,"CCl2O, PHOSGENE"
43,CCl3F,TRICHLOROFLUOROMETHANE,137.368,-111.2,23.8,471.2,44.1,0.248,,,"24,786",,,-284.7,-245.51,40.985,1.63E-01,-1.42E-04,4.15E-08,15.8516,2401.61,-36.3,-33,27,,"CCl3F, TRICHLOROFLUOROMETHANE"
44,CCl4,CARBON TETRACHLORIDE,153.823,-23.2,76.5,556.4,45.6,0.276,1584,25,"30,019",540.15,290.84,-100.48,-58.28,40.717,2.05E-01,-2.27E-04,8.84E-08,15.8742,2808.19,-45.99,-20,101,,"CCl4, CARBON TETRACHLORIDE"
45,CF4,CARBON TETRAFLUORIDE,88.005,-186.8,-128,227.6,37.4,0.14,,,"11,974",,,-933.66,-889.03,13.98,2.03E-01,-1.63E-04,4.51E-08,16.0543,1244.55,-13.06,-180,-125,,"CF4, CARBON TETRAFLUORIDE"
46,CO,CARBON MONOXIDE,28.01,-205.1,-191.5,132.9,35,0.093,803,-192,6046,94.06,48.9,-110.62,-137.37,30.869,-1.29E-02,2.79E-05,-1.27E-08,14.3686,530.22,-13.15,-210,-165,,"CO, CARBON MONOXIDE"
47,COS,CARBONYL SULPHIDE,60.07,-138.9,-50.3,375,58.8,0.14,1274,-99,,,,-138.5,-165.76,23.567,7.98E-02,-7.02E-05,2.45E-08,,,,,,,"COS, CARBONYL SULPHIDE"
48,CO2,CARBON DIOXIDE,44.01,-56.6,-78.5,304.2,73.8,0.094,777,20,"17,166",578.08,185.24,-393.77,-394.65,19.795,7.34E-02,-5.60E-05,1.72E-08,22.5898,3103.39,-0.16,-119,-69,,"CO2, CARBON DIOXIDE"
49,CS2,CARBON DISULPHIDE,76.131,-111.9,46.2,552,79,0.17,1293,0,"26,754",274.08,200.22,117.15,66.95,27.444,8.13E-02,-7.67E-05,2.67E-08,15.9844,2690.85,-31.62,-45,69,,"CS2, CARBON DISULPHIDE"
50,CHBr3,BROMOFORM,94.94,-178.3,3.5,464,66.1,0.162,1733,0,"24,241",,,-36.34,,,,,,15.7078,3163.17,-72.18,101,30,,"CHBr3, BROMOFORM"
51,CHClF2,CHLORODIFLUOROMETHANE,86.469,-160.2,-40.8,369.2,49.8,0.165,1230,16,"20,205",,,-502,-470.89,17.3,1.62E-01,-1.17E-04,3.06E-08,15.5602,1704.8,-41.3,-48,-33,,"CHClF2, CHLORODIFLUOROMETHANE"
52,CHCl2F,DICHLOROFLUOROMETHANE,102.923,-135.2,8.8,451.6,51.7,0.197,1380,9,"24,953",,,-298.94,-268.37,23.664,1.58E-01,-1.20E-04,3.26E-08,,,,,,,"CHCl2F, DICHLOROFLUOROMETHANE"
53,CHCl3,CHLOROFORM,119.378,-63.6,61.1,536.4,54.7,0.239,1489,20,"29,726",394.81,246.5,-101.32,-68.58,24.003,1.89E-01,-1.84E-04,6.66E-08,15.9732,2696.79,-46.16,-13,97,,"CHCl3, CHLOROFORM"
54,CHN,HYDROGEN CYANIDE,27.026,-13.3,25.7,456.8,53.9,0.139,688,20,"25,234",194.7,145.31,130.63,120.2,21.863,6.06E-02,-4.96E-05,1.82E-08,16.5138,2585.8,-37.15,-39,57,,"CHN, HYDROGEN CYANIDE"
55,CH2Br2,DIBROMOMETHANE,173.835,-52.6,96.8,583,71.9,,2500,20,,428.91,294.57,-4.19,-5.61,,,,,,,,,,,"CH2Br2, DIBROMOMETHANE"
56,CH2Cl2,DICHLOROMETHANE,84.993,-95.1,39.8,510,60.8,0.193,1317,25,"28,010",359.55,225.13,-95.46,-68.91,12.954,1.62E-01,-1.30E-04,4.21E-08,16.3029,2622.44,-41.7,-44,59,,"CH2Cl2, DICHLOROMETHANE"
57,CH2O,FORMALDEHYDE,30.026,-117.2,-19.2,408,65.9,,815,-20,"23,027",319.83,171.35,-115.97,-109.99,23.475,3.16E-02,2.99E-05,-2.30E-08,16.4775,2204.13,-30.15,-88,-2,,"CH2O, FORMALDEHYDE"
58,CH2O2,FORMIC ACID,46.025,8.3,100.6,580,,,1226,15,"21,939",729.35,325.72,-378.86,-351.23,11.715,1.36E-01,-8.41E-05,2.02E-08,16.9882,3599.58,-26.09,-2,136,,"CH2O2, FORMIC ACID"
59,CH3Br,METHYL BROMIDE,94.939,-93.7,3.5,464,86.1,,1737,-5,"23,928",298.15,211.15,-37.68,-28.18,14.428,1.09E-01,-5.40E-05,9.58E-09,16.0252,2271.71,-34.83,-58,53,,"CH3Br, METHYL BROMIDE"
60,CH3Cl,METHYL CHLORIDE,50.488,-97.8,-24.3,416.3,66.8,0.139,915,20,"21,436",426.45,193.56,-86.37,-62.93,13.875,1.01E-01,-3.89E-05,2.57E-09,16.1052,2077.97,-29.55,-93,-7,,"CH3Cl, METHYL CHLORIDE"
61,CH3F,METHYL FLUORIDE,34.033,-141.8,-78.4,317.8,58.8,0.124,843,-60,,,,-234.04,-210.14,13.825,8.62E-02,-2.07E-05,-1.99E-09,16.3428,1704.41,-19.27,-132,-64,,"CH3F, METHYL FLUORIDE"
62,CH3I,METHYL IODIDE,141.939,-66.5,42.4,528,65.9,0.19,2279,20,"27,214",336.19,229.95,13.98,15.66,10.806,1.39E-01,-1.04E-04,3.49E-08,16.0905,2629.55,-36.5,-13,52,,"CH3I, METHYL IODIDE"
63,CH3NO2,NITROMETHANE,61.041,-28.6,101.2,588,63.1,0.173,1138,20,"34,436",452.8,261.21,-74.78,-6.95,7.423,1.98E-01,-1.08E-04,2.09E-08,16.2193,2972.64,-64.15,5,136,,"CH3NO2, NITROMETHANE"
64,CH4,METHANE,16.043,-182.5,-161.5,190.6,46,0.099,425,-161,8185,114.14,57.6,-74.86,-50.87,19.251,5.21E-02,1.20E-05,-1.13E-08,15.2243,597.84,-7.16,-180,-153,,"CH4, METHANE"
65,CH4O,METHANOL,32.042,-97.7,64.6,512.6,81,0.118,791,20,"35,278",555.3,260.64,-201.3,-162.62,21.152,7.09E-02,2.59E-05,-2.85E-08,18.5875,3626.55,-34.29,-16,91,,"CH4O, METHANOL"
66,CH4S,METHYL MERCAPTAN,48.107,-123.2,5.9,470,72.3,0.145,866,20,"24,577",,,-22.99,-9.92,13.268,1.46E-01,-8.55E-05,2.08E-08,16.1909,2338.38,-34.44,-73,27,,"CH4S, METHYL MERCAPTAN"
67,CH5N,METHYL AMINE,31.058,-93.5,-6.4,430,74.6,0.14,703,-14,"26,000",311.8,176.3,-23.03,32.28,11.476,1.43E-01,-5.33E-05,4.75E-09,17.2622,2484.83,-32.92,-61,38,,"CH5N, METHYL AMINE"
68,CH6N2,METHYL HYDRAZINE,46.072,,90.8,567,80.4,0.271,,,,,,85.41,177.98,,,,,15.1424,2319.84,-91.7,-3,127,,"CH6N2, METHYL HYDRAZINE"
69,CH6Si,METHYL SILANE,46.145,-156.5,-57.6,352.5,,,,,,,,,,,,,,,,,,,,"CH6Si, METHYL SILANE"
70,C2ClF5,CHLOROPENTAFLUOROETHANE,154.467,-106.2,-39.2,353.2,31.6,0.252,,,"19,469",,,,,27.834,3.49E-01,-2.89E-04,8.14E-08,15.7343,1848.9,-30.88,-98,-43,,"C2ClF5, CHLOROPENTAFLUOROETHANE"
71,C2Cl2F4,1;1-DICHLORO-1;2;2;2-TETRAFLUOROETHANE,170.992,-94.2,3.8,418.6,33,0.294,1455,25,,,,,,40.453,3.28E-01,-2.75E-04,7.82E-08,,,,,,,"C2Cl2F4, 1;1-DICHLORO-1;2;2;2-TETRAFLUOROETHANE"
72,C2Cl2F4,1;2-DICHLORO-1;1;2;2-TETRAFLUOROETHANE,170.922,-93.9,3.7,418.9,32.6,0.293,1480,4,"23,279",,,-898.49,,38.778,3.44E-01,-2.95E-04,8.51E-08,,,,,,,"C2Cl2F4, 1;2-DICHLORO-1;1;2;2-TETRAFLUOROETHANE"
73,C2Cl3F3,1;2-DICHLORO-1;1;2;2-TETRAFLUOROETHANE,187.38,-35,47.5,487.2,34.1,0.304,1580,16,"27,507",,,-745.67,,61.14,2.87E-01,-2.42E-04,6.90E-08,15.8424,2532.61,-45.67,-23,87,,"C2Cl3F3, 1;2-DICHLORO-1;1;2;2-TETRAFLUOROETHANE"
74,C2Cl4,TETRACHLOROETHYLENE,165.834,-22.2,121.1,620,44.6,0.29,1620,20,"34,750",392.58,281.82,-12.14,22.61,45.971,2.26E-01,-2.29E-04,8.38E-08,16.1642,3259.29,-52.15,34,187,,"C2Cl4, TETRACHLOROETHYLENE"
75,C2Cl4F2,1;1;2;2-TETRACHLORO-1;2-DIFLUOROETHANE,203.831,24.8,91.5,551,,,1645,25,,,,,,,,,,,,,,,,"C2Cl4F2, 1;1;2;2-TETRACHLORO-1;2-DIFLUOROETHANE"
76,C2F4,TETRAFLUOROETHYLENE,100.016,-142.5,-75.7,306.4,39.4,0.175,1519,-76,,,,-659,-624.13,29.01,2.28E-01,-2.04E-04,6.78E-08,15.88,1574.6,-27.22,-133,-63,,"C2F4, TETRAFLUOROETHYLENE"
77,C2F6,HEXAFLUOROETHANE,138.012,-100.8,-78.3,292.8,,0.224,1590,-78,"16,161",,,-1343.96,-1258.22,26.816,3.46E-01,-2.87E-04,8.14E-08,15.6422,1512.94,-26.94,-103,-73,,"C2F6, HEXAFLUOROETHANE"
78,C2N2,CYANOGEN,52.035,-27.9,-20.7,400,59.8,,,,,,,309.15,297.39,35.935,9.25E-02,-8.22E-05,2.95E-08,,,,,,,"C2N2, CYANOGEN"
79,C2HCl3,TRICHLOROETHYLENE,131.389,-116.4,87.2,571,49.1,0.256,1462,20,"31,401",145.67,196.6,-5.86,19.89,30.174,2.29E-01,-2.23E-04,8.24E-08,16.1827,3028.13,-43.15,-13,127,,"C2HCl3, TRICHLOROETHYLENE"
80,C2HF3O2,TRIFLUROROACETIC ACID,114.024,-15.3,72.4,491.3,32.6,,1535,0,,,,,,,,,,,,,,,,"C2HF3O2, TRIFLUROROACETIC ACID"
81,C2H2,ACETYLENE,26.038,-80.8,-84,308.3,61.4,0.113,615,-84,"16,957",,,226.88,209.34,26.821,7.58E-02,-5.01E-05,1.41E-08,16.3481,1637.14,-19.77,-79,-71,,"C2H2, ACETYLENE"
82,C2H2F2,1;1-DIFLUOROETHYLENE,64.035,,,302.8,44.6,0.154,,,,,,-345.41,-321.71,3.073,2.44E-01,-2.10E-04,7.02E-08,,,,,,,"C2H2F2, 1;1-DIFLUOROETHYLENE"
83,C2H2O,KETENE,42.038,-135.2,-41.2,380,64.8,0.145,,,"20,641",,,-61.13,-60.33,6.385,1.64E-01,-1.08E-04,2.70E-08,16.0197,1849.21,-35.15,-103,-18,,"C2H2O, KETENE"
84,C2H3Cl,VINYL CHLORIDE,62.499,-153.8,-13.4,429.7,56,0.169,969,-14,"20,641",276.9,167.04,35.17,51.54,5.949,2.02E-01,-1.54E-04,4.77E-08,14.9601,1803.84,-43.15,-88,17,,"C2H3Cl, VINYL CHLORIDE"
85,C2H3ClF2,1-CHLORO-1;1-DIFLUOROETHANE,100.49,-131.2,-9.8,410.2,41.2,0.231,1100,30,,,,,,16.818,2.76E-01,-1.99E-04,5.30E-08,,,,,,,"C2H3ClF2, 1-CHLORO-1;1-DIFLUOROETHANE"
86,C2H3ClO,ACETYL CHLORIDE,78.498,-113,50.7,508,58.8,0.204,1104,20,"28,680",,,-244.09,-206.37,25.02,1.71E-01,-9.86E-05,2.22E-08,15.7514,2447.33,-55.53,-36,82,,"C2H3ClO, ACETYL CHLORIDE"
87,C2H3Cl3,1;1;2-TRICHLOROETHANE,133.4,-36.7,113.7,602,41.5,0.294,1441,20,"33,327",346.72,304.43,-138.58,-77.54,6.322,3.43E-01,-2.96E-04,9.79E-08,16.0381,3110.79,-56.16,29,155,,"C2H3Cl3, 1;1;2-TRICHLOROETHANE"
88,C2H3F,VINYL FLUORIDE,46.044,-143.2,-37.7,327.8,52.4,0.144,,,,,,,,,,,,,,,,,,"C2H3F, VINYL FLUORIDE"
89,C2H3F3,1;1;1-TRIFLUOROETHANE,84.041,-111.3,-47.7,346.2,37.6,0.221,,,"19,176",,,-746.09,-679.22,5.744,3.14E-01,-2.60E-04,8.42E-08,15.8965,1814.91,-29.92,-3,27,,"C2H3F3, 1;1;1-TRIFLUOROETHANE"
90,C2H3N,ACETONITRILE,41.053,-43.9,81.6,548,48.3,0.173,782,20,"31,401",334.91,210.05,87.92,105.67,20.482,1.08E-01,-4.49E-05,3.20E-09,16.2874,2945.47,-49.15,-13,117,,"C2H3N, ACETONITRILE"
91,C2H3NO,METHYL ISOCYANATE,57.052,,38.8,491,55.7,,958,20,"29,601",616.78,227.47,-90.02,,35.764,1.04E-01,-5.82E-06,-1.69E-08,16.3258,2480.37,-56.31,-43,67,,"C2H3NO, METHYL ISOCYANATE"
92,C2H4,ETHYLENE,28.054,-169.2,-103.8,282.4,50.4,0.129,577,-110,"13,553",168.98,93.94,52.33,68.16,3.806,1.57E-01,-8.35E-05,1.76E-08,15.5368,1347.01,-18.15,-153,91,,"C2H4, ETHYLENE"
93,C2H4Cl2,1;1-DICHLOROETHANE,98.96,-97,57.2,523,50.7,0.24,1168,25,"28,721",412.27,239.1,-130,-73.14,12.472,2.70E-01,-2.05E-04,6.30E-08,16.0842,2697.29,-45.03,-31,79,,"C2H4Cl2, 1;1-DICHLOROETHANE"
94,C2H4Cl2,1;2-DICHLOROETHANE,98.96,-35.7,83.4,561,53.7,0.22,1250,16,"32,029",473.95,277.98,-129.79,-73.9,20.486,2.31E-01,-1.44E-04,3.39E-08,16.1764,2927.17,-50.22,-33,100,,"C2H4Cl2, 1;2-DICHLOROETHANE"
95,C2H4F2,1;1-DIFLUOROETHANE,66.051,-117,-24.8,386.6,45,0.181,,,"21,353",319.27,186.56,-494.04,-436.52,8.675,2.40E-01,-1.46E-04,3.39E-08,16.1871,2095.35,-29.16,-35,0,,"C2H4F2, 1;1-DIFLUOROETHANE"
96,C2H4O,ACETALDEHYDE,44.054,-123,20.4,461,55.7,0.154,778,20,"25,749",368.7,192.82,-166.47,-133.39,7.716,1.82E-01,-1.01E-04,2.38E-08,16.2418,2465.15,-37.15,-63,47,,"C2H4O, ACETALDEHYDE"
97,C2H4O,ETHYLENE OXIDE,44.054,-112.2,10.3,469,71.9,0.14,899,0,"25,623",341.88,194.22,-52.67,-13.1,-7.519,2.22E-01,-1.26E-04,2.59E-08,16.74,2567.61,-29.01,-73,37,,"C2H4O, ETHYLENE OXIDE"
98,C2H4O2,ACETIC ACID,60.052,16.6,117.9,594.4,57.9,0.171,1049,20,"23,697",600.94,306.21,-435.13,-376.94,4.84,2.55E-01,-1.75E-04,4.95E-08,16.808,3405.57,-56.34,17,157,,"C2H4O2, ACETIC ACID"
99,C2H4O2,METHYL FORMATE,60.052,-99,31.7,487.2,60,0.172,974,20,"28,219",363.19,212.7,-350.02,-297.39,1.432,2.70E-01,-1.95E-04,5.70E-08,16.5104,2590.87,-42.6,-48,51,,"C2H4O2, METHYL FORMATE"
100,C2H5Br,ETHYL BROMIDE,108.966,-118.6,38.3,503.8,62.3,0.215,1451,25,"26,502",369.8,220.68,-64.06,-26.33,6.657,2.35E-01,-1.47E-04,3.80E-08,15.9338,2511.68,-41.44,-47,60,,"C2H5Br, ETHYL BROMIDE"
101,C2H5Cl,ETHYL CHLORIDE,64.515,-136.4,12.2,460.4,52.7,0.199,896,20,"24,702",320.94,190.83,-111.79,-60.04,-0.553,2.61E-01,-1.84E-04,5.55E-08,15.98,2332.01,-36.48,-73,37,,"C2H5Cl, ETHYL CHLORIDE"
102,C2H5F,ETHYL FLUORIDE,48.06,-143.3,-37.8,375.3,50.3,0.169,,,,,,-261.67,-209.67,4.346,2.18E-01,-1.17E-04,2.41E-08,16.0686,1966.89,-27,-103,-21,,"C2H5F, ETHYL FLUORIDE"
103,C2H5N,ETHYLENE IMIDE,43.069,-78.2,56.6,,,,833,25,"32,071",,,123.51,178.11,-20.771,3.02E-01,-2.06E-04,5.65E-08,16.4227,2610.44,-63.15,-25,86,,"C2H5N, ETHYLENE IMIDE"
104,C2H5NO2,NITROETHANE,75.068,-89.2,114,595,48.5,0.228,1047,20,"35,994",,,-101.32,,,,,,17.4716,3848.24,-31.96,114,-21,,"C2H5NO2, NITROETHANE"
105,C2H6,ETHANE,30.07,-183.3,-88.7,305.4,48.8,0.148,548,-90,"14,717",156.6,95.57,-84.74,-32.95,5.409,1.78E-01,-6.94E-05,8.71E-09,15.6637,1511.42,-17.16,-143,-74,,"C2H6, ETHANE"
106,C2H6O,DIMETHYL ETHER,46.069,-141.5,-24.9,400,53.7,0.178,667,20,"21,520",,,-184.18,-113,17.015,1.79E-01,-5.23E-05,-1.92E-09,16.8467,2361.44,-17.1,-94,-8,,"C2H6O, DIMETHYL ETHER"
107,C2H6O,ETHANOL,46.069,-114.1,78.3,516.2,63.8,0.167,789,20,"38,770",686.64,300.88,-234.96,-168.39,9.014,2.14E-01,-8.39E-05,1.37E-09,18.9119,3803.98,-41.68,-3,96,,"C2H6O, ETHANOL"
108,C2H6O2,ETHYLENE GLYCOL,62.069,-13,197.2,645,77,0.186,1114,20,"52,544",1365,402.41,-389.58,-304.67,35.697,2.48E-01,-1.50E-04,3.01E-08,20.2501,6022.18,-28.25,91,221,,"C2H6O2, ETHYLENE GLYCOL"
109,C2H6S,ETHYL MERCAPTAN,62.134,-147.9,35,499,54.9,0.207,839,20,"26,796",419.6,206.21,-46.14,-4.69,14.922,2.35E-01,-1.37E-04,3.16E-08,16.0077,2497.23,-41.77,-49,57,,"C2H6S, ETHYL MERCAPTAN"
110,C2H6S,DIMETHYL SULPHIDE,62.13,-98.3,37.3,503,55.3,0.201,848,20,"26,963",267.34,184.24,-37.56,6.95,24.304,1.87E-01,-6.88E-05,4.10E-09,16.0001,2511.56,-42.35,-47,58,,"C2H6S, DIMETHYL SULPHIDE"
111,C2H7N,ETHYL AMINE,45.085,-81.2,16.5,456,56.2,0.178,683,20,"28,052",340.54,192.44,-46.05,37.3,3.693,2.75E-01,-1.58E-04,3.81E-08,17.0073,2616.73,-37.3,-58,43,,"C2H7N, ETHYL AMINE"
112,C2H7N,DIMETHYL AMIDE,45.085,-92.2,6.8,437.6,53.1,0.187,656,20,"26,502",,,-18.84,68.04,-0.172,2.70E-01,-1.33E-04,2.34E-08,16.2653,2358.77,-35.15,-55,37,,"C2H7N, DIMETHYL AMIDE"
113,C2H7NO,MONOETHANOLAMINE,61.084,10.3,170.3,614,44.6,0.196,1016,20,"50,242",1984.1,367.03,-201.72,,9.311,3.01E-01,-1.82E-04,4.66E-08,17.8174,3988.33,-86.93,71,204,,"C2H7NO, MONOETHANOLAMINE"
114,C2H8N2,ETHYLENEDIAMINE,60.099,10.8,117.2,593,62.8,0.206,896,20,"41,868",839.76,316.41,,,38.297,2.41E-01,-4.34E-05,-3.95E-08,16.4082,3108.49,-72.15,19,152,,"C2H8N2, ETHYLENEDIAMINE"
115,C3H3N,ACRYLONITRILE,53.064,-83.7,77.3,536,35.5,0.21,806,20,"32,657",343.31,210.42,185.06,195.44,10.693,2.21E-01,-1.57E-04,4.60E-08,15.9253,2782.21,-51.15,-18,112,,"C3H3N, ACRYLONITRILE"
116,C3H4,PROPADIENE,40.065,-136.3,-34.5,393,54.7,0.162,658,-35,"18,631",,,192.26,202.52,9.906,1.98E-01,-1.18E-04,2.78E-08,13.1563,1054.72,-77.08,-99,-16,,"C3H4, PROPADIENE"
117,C3H4,METHYL ACETYLENE,40.065,-102.7,-23.2,402.4,56.2,0.164,706,-50,"22,148",,,185.56,194.56,14.708,1.86E-01,-1.17E-04,3.22E-08,15.6227,1850.66,-44.07,-90,-6,,"C3H4, METHYL ACETYLENE"
118,C3H4O,ACROLEIN,56.064,-87.2,52.8,506,51.7,,839,20,"28,345",388.17,217.14,-70.92,-65.19,11.97,2.11E-01,-1.07E-04,1.91E-08,15.9057,2606.53,-45.15,-38,87,,"C3H4O, ACROLEIN"
119,C3H4O2,ACRYLIC ACID,72.064,11.8,140.8,615,56.7,0.21,1051,20,"46,055",733.02,307.15,-336.45,-286.25,1.742,3.19E-01,-2.35E-04,6.98E-08,16.5617,3319.18,-80.15,42,177,,"C3H4O2, ACRYLIC ACID"
120,C3H4O2,VINYL FORMATE,72.064,-57.7,46.4,475,57.8,0.21,963,20,"32,155",428.4,224.83,,,27.813,1.84E-01,-3.56E-05,-2.34E-07,16.6531,2569.68,-63.15,-33,77,,"C3H4O2, VINYL FORMATE"
121,C3H5Cl,ALLYL CHLORIDE,76.526,-134.5,45.1,514,47.6,0.234,937,20,"27,110",368.27,210.61,-0.63,43.63,2.529,3.05E-01,-2.28E-04,7.29E-08,15.9772,2531.92,-47.15,-43,77,,"C3H5Cl, ALLYL CHLORIDE"
122,C3H5Cl3,1;2;3-TRICHLOROPROPANE,147.432,-14.7,155.8,651,39.5,0.348,1389,20,"38,435",818.63,342.88,-185.89,-97.85,26.883,3.62E-01,-2.79E-04,8.79E-08,16.1246,3417.27,-69.15,42,197,,"C3H5Cl3, 1;2;3-TRICHLOROPROPANE"
123,C3H5N,PROPIONITRILE,55.08,-92.7,97.3,564.4,41.8,0.23,782,20,"32,280",366.77,225.86,50.66,96.21,15.403,2.25E-01,-1.10E-04,1.95E-08,15.9571,2940.86,-55.15,-3,132,,"C3H5N, PROPIONITRILE"
124,C3H6,CYCLOPROPANE,42.081,-127.5,-32.8,397.8,54.9,0.17,563,15,"20,055",,,53.34,104.46,-35.24,3.81E-01,-2.88E-04,9.04E-08,15.8599,1971.04,-26.65,-93,-28,,"C3H6, CYCLOPROPANE"
125,C3H6,PROPYLENE,42.081,-185.3,-47.8,365,46.2,0.181,612,-50,"18,422",273.84,131.63,20.43,62.76,3.71,2.35E-01,-1.16E-04,2.20E-08,15.7027,1807.53,-26.15,-113,-33,,"C3H6, PROPYLENE"
126,C3H6Cl2,1;2-DICHLOROPROPANE,112.987,-100.5,96.3,577,44.6,0.226,1150,20,"31,401",514.36,281.03,-165.8,-83.15,10.45,3.65E-01,-2.60E-04,7.74E-08,16.0385,2985.07,-52.16,15,135,,"C3H6Cl2, 1;2-DICHLOROPROPANE"
127,C3H6O,ACETONE,58.08,-95,56.2,508.1,47,0.209,790,20,"29,140",367.25,209.68,-217.71,-153.15,6.301,2.61E-01,-1.25E-04,2.04E-08,16.6513,2940.46,-35.93,-32,77,,"C3H6O, ACETONE"
128,C3H6O,ALLYL ALCOHOL,58.08,-129.2,96.8,545,57.1,0.203,855,15,"39,984",793.52,307.26,-132.09,-71.3,-1.105,3.15E-01,-2.03E-04,5.32E-08,16.9066,2928.2,-85.15,13,127,,"C3H6O, ALLYL ALCOHOL"
129,C3H6O,PROPIONALDEHYDE,58.08,-80.2,47.8,496,47.6,0.223,797,20,"28,303",343.44,219.33,-192.17,-130.54,11.723,2.61E-01,-1.30E-04,2.13E-08,16.2315,2659.02,-44.15,-38,77,,"C3H6O, PROPIONALDEHYDE"
130,C3H6O,PROPYLENE OXIDE,58.08,-112.2,34.3,482.2,49.2,0.186,829,20,"27,005",377.43,213.36,-92.82,-25.79,-8.457,3.26E-01,-1.99E-04,4.82E-08,15.3227,2107.58,-64.87,-48,67,,"C3H6O, PROPYLENE OXIDE"
131,C3H6O,VINYL METHYL ETHER,58.08,-121.7,4.8,436,47.6,0.205,750,20,"19,050",318.41,180.98,,,15.629,2.34E-01,-9.70E-05,1.06E-08,14.4602,1980.22,-25.15,-83,42,,"C3H6O, VINYL METHYL ETHER"
132,C3H6O2,PROPIONIC ACID,74.08,-20.7,140.8,612,53.7,0.23,993,20,"32,238",535.04,299.32,-455.44,-369.57,5.669,3.69E-01,-2.87E-04,9.88E-08,17.3789,3723.42,-67.48,42,177,,"C3H6O2, PROPIONIC ACID"
133,C3H6O2,ETHYL FORMATE,74.08,-79.4,54.2,508.4,47.4,0.229,927,16,"30,145",400.91,226.23,-371.54,,24.673,2.32E-01,-2.12E-05,-5.36E-08,16.1611,2603.3,-54.15,-33,87,,"C3H6O2, ETHYL FORMATE"
134,C3H6O2,METHYL ACETATE,74.08,-98.2,56.9,506.8,46.9,0.228,934,20,"30,145",408.62,224.03,-409.72,,16.55,2.25E-01,-4.34E-05,2.91E-08,16.1295,2601.92,-56.15,-28,87,,"C3H6O2, METHYL ACETATE"
135,C3H7Cl,PROPYL CHLORIDE,78.542,-122.8,46.4,503,45.8,0.254,891,20,"27,256",374.77,215,-130.21,-50.7,-3.345,3.63E-01,-2.51E-04,7.45E-08,15.9594,2581.48,-42.95,-43,77,,"C3H7Cl, PROPYL CHLORIDE"
136,C3H7Cl,ISOPROPYL CHLORIDE,78.452,-117.2,35.7,485,47.2,0.23,862,20,"26,293",306.25,212.24,-146.54,-62.55,1.842,3.49E-01,-2.24E-04,5.86E-08,16.0384,2490.48,-43.15,-48,67,,"C3H7Cl, ISOPROPYL CHLORIDE"
137,C3H8,PROPANE,44.097,-187.7,-42.1,369.8,42.5,0.203,582,-42,"18,786",222.67,133.41,-103.92,-23.49,-4.224,3.06E-01,-1.59E-04,3.21E-08,15.726,1872.46,-25.16,-109,-24,,"C3H8, PROPANE"
138,C3H8O,N-PROPYL ALCOHOL,60.096,-126.3,97.2,536.7,51.7,0.219,804,20,"41,784",951.04,327.83,-256.57,-161.9,2.47,3.33E-01,-1.86E-04,4.30E-08,17.5439,3166.38,-80.15,12,127,,"C3H8O, N-PROPYL ALCOHOL"
139,C3H8O,ISOPROPYL ALCOHOL,60.096,-88.5,82.2,508.3,47.6,0.22,786,20,"39,858",1139.7,323.44,-272.6,-173.5,32.427,1.89E-01,6.41E-05,-9.26E-08,18.6929,3640.2,-53.54,0,111,,"C3H8O, ISOPROPYL ALCOHOL"
140,C3H8O,METHYL ETHYL ETHER,60.096,-139.2,7.3,437.8,44,0.221,700,20,"24,702",303.82,171.66,-216.58,-117.73,18.669,2.69E-01,-1.03E-04,8.95E-09,13.5435,1161.63,-112.4,-68,37,,"C3H8O, METHYL ETHYL ETHER"
141,C3H8O2,METHYLAL,76.096,-105.2,41.8,497,,,888,18,,,,,,,,,,15.8237,2415.92,-52.58,-3,42,,"C3H8O2, METHYLAL"
142,C3H8O2,1;2-PROPANEDIOL,76.096,-60.2,187.3,625,60.8,0.237,1036,20,"54,177",1404.2,426.74,-424.25,,0.632,4.21E-01,-2.98E-04,8.95E-08,20.5324,6091.95,-22.46,84,210,,"C3H8O2, 1;2-PROPANEDIOL"
143,C3H8O2,1;3-PROPANEDIOL,76.096,-26.8,214.4,658,59.8,0.241,1053,20,"56,522",1813,406.96,-409.09,,8.269,3.68E-01,-2.16E-04,5.05E-08,17.2917,3888.84,-123.2,107,252,,"C3H8O2, 1;3-PROPANEDIOL"
144,C3H8O3,GLYCEROL,92.095,17.8,289.8,726,66.9,0.255,1261,20,"61,127",3337.1,406,-585.31,,8.424,4.44E-01,-3.16E-04,9.38E-08,17.2392,4487.04,-140.2,167,327,,"C3H8O3, GLYCEROL"
145,C3H8S,METHYL ETHYL SULPHIDE,76.157,-106,66.6,533,42.6,,837,20,"29,517",,,-59.66,11.43,19.527,2.89E-01,-1.21E-04,1.29E-08,15.9765,2722.95,-48.37,-23,87,,"C3H8S, METHYL ETHYL SULPHIDE"
146,C3H9N,N-PROPYL AMINE,59.112,-83.2,48.6,497,47.4,0.233,717,20,"29,726",,,-72.43,39.82,6.691,3.50E-01,-1.82E-04,3.59E-08,15.9957,2551.72,-49.15,-38,77,,"C3H9N, N-PROPYL AMINE"
147,C3H9N,ISOPROPYL AMINE,59.112,-95.3,32.4,476,50.7,0.229,688,20,"27,214",433.64,228.46,-83.82,,-7.486,4.18E-01,-2.83E-04,8.35E-08,16.3637,2582.35,-40.15,-34,64,,"C3H9N, ISOPROPYL AMINE"
148,C3H9N,TRIMETHYL AMINE,59.112,-117.2,2.9,433.2,40.7,0.254,633,20,"24,116",,,-23.86,98.98,-8.206,3.97E-01,-2.19E-04,4.62E-08,16.0499,2230.51,-39.15,-58,32,,"C3H9N, TRIMETHYL AMINE"
149,C4H2O3,MALEIC ANHYDRIDE,98.058,52.8,199.6,,,,1310,60,,952.48,365.81,,,-13.075,3.48E-01,-2.18E-04,4.84E-08,16.2747,3765.65,-82.15,79,243,,"C4H2O3, MALEIC ANHYDRIDE"
150,C4H4,VINYL ACETYLENE,52.076,-45.6,4.9,455,49.6,0.202,710,0,"24,493",,,304.8,306.18,6.757,2.84E-01,-2.27E-04,7.46E-08,16.01,2203.57,-43.15,-73,32,,"C4H4, VINYL ACETYLENE"
151,C4H4O,FURAN,68.075,-85.7,31.3,490.2,55,0.218,938,20,"27,105",389.4,222.7,-34.71,0.88,-35.529,4.32E-01,-3.46E-04,1.07E-07,16.0612,244.7,-45.41,-35,90,,"C4H4O, FURAN"
152,C4H4S,THIOPHENE,84.136,-38.3,84.1,579.4,56.9,0.219,1071,16,"31,485",498.6,264.9,115.81,126.86,-30.606,4.48E-01,-3.77E-04,1.25E-07,16.0243,2869.07,-51.8,-13,107,,"C4H4S, THIOPHENE"
153,C4H5Cl,CHLOROPRENE,88.537,,59.4,511.2,42.5,0.266,958,20,"29,658",,,65.86,,,,,,14.4844,1938.59,-85.36,27,84,,"C4H5Cl, CHLOROPRENE"
154,C4H5Cl,CHLOROBUTADIENE,88.537,-60,67.8,527.2,39.5,0.265,963,20,"29,038",,,79.97,,,,,,,,,,,,"C4H5Cl, CHLOROBUTADIENE"
155,C4H5N,ALLYL CYANIDE,67.091,-86.5,118.8,585,39.5,0.265,835,20,"34,332",521.3,252.03,,,21.7,2.57E-01,-1.19E-04,1.23E-08,16.0019,3128.75,-58.15,127,157,,"C4H5N, ALLYL CYANIDE"
156,C4H5N,PYRROLE,67.091,,129.8,640,,,967,21,,,,108.35,,,,,,16.7966,3457.47,-62.73,57,167,,"C4H5N, PYRROLE"
157,C4H6,ETHYLACETYLENE,54.092,-125.8,8,463.7,47.1,0.22,650,16,"24,995",,,165.29,202.22,12.548,2.74E-01,-1.55E-04,3.45E-08,16.0605,2271.42,-40.3,-73,27,,"C4H6, ETHYLACETYLENE"
158,C4H6,DIMETHYL ACETYLENE,54.092,-32.3,27,488.6,50.9,0.221,691,20,"26,670",,,146.41,185.56,15.927,2.38E-01,-1.07E-04,1.75E-08,16.2821,2536.78,-37.34,-33,47,,"C4H6, DIMETHYL ACETYLENE"
159,C4H6,1;2-BUTADIENE,54.092,-136.2,10.8,443.7,45,0.219,652,20,"24,283",,,162.32,198.58,11.2,2.72E-01,-1.47E-04,3.09E-08,16.1039,2397.26,-30.88,-28,32,,"C4H6, 1;2-BUTADIENE"
160,C4H6,1;3-BUTADIENE,54.092,-108.9,-4.5,425,43.3,0.221,621,20,"22,483",300.59,163.12,110.24,150.77,-1.687,3.42E-01,-2.34E-04,6.33E-08,15.7727,2142.66,-34.3,-58,17,,"C4H6, 1;3-BUTADIENE"
161,C4H6O2,VINYL ACETATE,86.091,-100.2,72.8,525,43.6,0.265,932,20,,457.89,235.35,-316.1,,15.16,2.80E-01,-8.81E-05,-1.66E-08,16.1003,2744.68,-56.15,-18,106,,"C4H6O2, VINYL ACETATE"
162,C4H6O3,ACETIC ANHYDRIDE,102.089,-74.2,138.8,569,46.8,0.29,1087,20,"41,240",502.33,286.04,-576.1,-477,-23.128,5.09E-01,-3.58E-04,9.83E-08,16.3982,3287.56,-75.11,35,164,,"C4H6O3, ACETIC ANHYDRIDE"
163,C4H6O4,DIMETHYL OXALATE,118.09,53.8,163.4,628,39.8,,1150,15,,,,,,,,,,,,,,,,"C4H6O4, DIMETHYL OXALATE"
164,C4H6O4,SUCCINIC ACID,118.09,182.8,234.8,,,,,,,0,,,,,1.51E+01,4.69E-02,-3.14E-04,,,,,,,"C4H6O4, SUCCINIC ACID"
165,C4H7N,BUTYRONITRILE,69.107,-112.2,117.8,582.2,37.9,0.285,792,20,"34,415",438.04,256.84,34.08,108.73,15.211,3.21E-01,-1.64E-04,2.98E-08,16.2092,3202.21,-56.16,34,160,,"C4H7N, BUTYRONITRILE"
166,C4H7O2,METHYL ACRYLATE,86.091,-76.5,80.3,536,42.6,0.265,956,20,"32,029",451.02,245.3,,,15.165,2.80E-01,-8.81E-05,-1.66E-08,16.1088,2788.43,-59.15,-13,117,,"C4H7O2, METHYL ACRYLATE"
167,C4H8,1-BUTENE,56.108,-185.4,-6.3,419.6,37.2,0.24,595,20,"21,930",256.3,151.86,-0.13,71.34,-2.994,3.53E-01,-1.98E-04,4.46E-08,15.7564,2132.42,-33.15,-83,22,,"C4H8, 1-BUTENE"
168,C4H8,CIS-2-BUTENE,56.108,-138.9,3.7,435.6,42,0.234,621,20,"23,362",268.94,155.34,-6.99,65.9,0.44,2.95E-01,-1.02E-04,-6.16E-10,15.8171,2210.71,-36.15,-73,32,,"C4H8, CIS-2-BUTENE"
169,C4H8,TRANS-2-BUTENE,56.108,-105.6,0.8,428.6,41,0.238,604,20,"22,772",259.01,153.3,-11.18,63.01,18.317,2.56E-01,-7.01E-05,-8.99E-09,15.8177,2212.32,-33.15,-73,27,,"C4H8, TRANS-2-BUTENE"
170,C4H8,CYCLOBUTANE,56.108,-90.8,12.5,459.9,49.9,0.21,694,20,"24,200",,,26.67,110.11,-50.254,5.02E-01,-3.56E-04,1.05E-07,15.9254,2359.09,-31.78,-73,17,,"C4H8, CYCLOBUTANE"
171,C4H8,ISOBUTYLENE,56.108,-140.4,-6.9,417.9,40,0.239,594,20,"22,131",,,-16.91,58.11,16.052,2.80E-01,-1.09E-04,9.10E-09,15.7528,2125.75,-33.15,-83,17,,"C4H8, ISOBUTYLENE"
172,C4H8O,N-BUTYRALDEHYDE,72.107,-96.4,74.8,524,40.5,0.278,802,20,"31,527",472.31,233.42,-205.15,-114.84,14.08,3.46E-01,-1.72E-04,2.89E-08,16.1668,2839.09,-50.15,-18,107,,"C4H8O, N-BUTYRALDEHYDE"
173,C4H8O,ISOBUTYRALDEHYDE,72.107,-65,63.8,513,41.5,0.274,789,20,"31,401",464.06,253.64,-215.87,-121.42,24.463,3.36E-01,-2.06E-04,6.37E-08,15.9888,2676.98,-51.15,-26,97,,"C4H8O, ISOBUTYRALDEHYDE"
174,C4H8O,MERTYL ETHYL KETONE,72.107,-86.7,79.6,535.6,41.5,0.267,805,20,"31,234",423.84,231.67,-238.52,-146.16,10.944,3.56E-01,-1.90E-04,3.92E-08,16.5986,3150.42,-36.65,-16,103,,"C4H8O, MERTYL ETHYL KETONE"
175,C4H8O,TETRAHYDROFURAN,72.107,-108.5,65.9,540.2,51.9,0.224,889,20,"29,601",419.79,244.46,-184.34,,-19.104,5.16E-01,-4.13E-04,1.45E-07,16.1069,2768.38,-46.9,-3,97,,"C4H8O, TETRAHYDROFURAN"
176,C4H8O,VINYL ETHYL ETHER,72.107,-115.3,35.6,475,40.7,0.26,793,20,"26,502",349.95,189.02,-140.26,,17.279,3.24E-01,-1.47E-04,2.15E-08,15.8911,2449.26,-44.15,-48,67,,"C4H8O, VINYL ETHYL ETHER"
177,C4H8O2,N-BUTYRIC ACID,88.107,-5.3,163.2,628,52.7,0.292,958,20,"42,035",640.42,321.13,-476.16,,11.74,4.14E-01,-2.43E-04,5.53E-08,17.924,4130.93,-70.55,62,197,,"C4H8O2, N-BUTYRIC ACID"
178,C4H8O2,1;4-DIOXANE,88.107,11.8,101.3,587,52.1,0.238,1033,20,"36,383",660.36,308.77,-315.27,-180.91,-53.574,5.99E-01,-4.09E-04,1.06E-07,16.1327,2966.88,-62.15,2,137,,"C4H8O2, 1;4-DIOXANE"
179,C4H8O2,ETHYL ACETATE,88.107,-83.6,77.1,523.2,38.3,0.286,901,20,"32,238",427.38,235.98,-443.21,-327.62,7.235,4.07E-01,-2.09E-04,2.85E-08,16.1516,2790.5,-57.15,-13,112,,"C4H8O2, ETHYL ACETATE"
180,C4H8O2,ISOBUTYRIC ACID,88.107,-46,154.7,609,40.5,0.292,968,20,"41,156",588.65,311.24,-484.25,,9.814,4.67E-01,-3.72E-04,1.35E-07,16.7792,3385.49,-94.15,57,192,,"C4H8O2, ISOBUTYRIC ACID"
181,C4H8O2,METHYL PROPIONATE,88.107,-87.5,79.8,530.6,40,0.282,915,20,"32,573",442.88,238.39,,,18.204,3.14E-01,-9.35E-05,-1.83E-08,16.1693,2804.06,-58.92,-13,112,,"C4H8O2, METHYL PROPIONATE"
182,C4H8O2,N-PROPYL FORMATE,88.107,-92.9,80.5,538,40.6,0.285,911,16,"32,490",452.97,246.09,,,,,,,15.7671,2593.95,-69.69,7,87,,"C4H8O2, N-PROPYL FORMATE"
183,C4H9Cl,1-CHLOROBUTANE,92.569,-123.1,78.4,542,36.9,0.312,886,20,"30,019",783.72,260.03,-147.38,-38.81,-2.613,4.50E-01,-2.94E-04,8.08E-08,15.975,2826.26,-49.05,-18,112,,"C4H9Cl, 1-CHLOROBUTANE"
184,C4H9Cl,2-CHLOROBUTANE,92.569,-131.4,68.2,520.6,39.5,0.305,873,20,"29,224",480.77,237.3,-161.61,-53.51,-3.433,4.56E-01,-2.98E-04,8.26E-08,15.9907,2753.43,-47.15,-23,102,,"C4H9Cl, 2-CHLOROBUTANE"
185,C4H9Cl,2-CHLORO-2-METHYL PROPANE,92.569,-25.4,50.8,507,39.5,0.295,842,20,"27,424",543.41,253.35,-183.38,-64.14,-3.931,4.65E-01,-2.89E-04,7.87E-08,15.8121,2567.15,-44.15,-38,87,,"C4H9Cl, 2-CHLORO-2-METHYL PROPANE"
186,C4H9N,PYRROLIDINE,71.123,,86.5,568.6,56.1,0.249,852,22,,,,-3.6,114.76,-51.531,5.34E-01,-3.24E-04,7.53E-08,15.9444,2717.03,-67.9,27,127,,"C4H9N, PYRROLIDINE"
187,C4H9NO,MORPHOLINE,87.122,-4.8,128.2,618,54.7,0.253,1000,20,"37,681",914.14,332.75,,,-42.802,5.39E-01,-2.67E-04,4.20E-08,16.2364,3171.35,-71.15,27,167,,"C4H9NO, MORPHOLINE"
188,C4H10,N-BUTANE,58.124,-138.4,-0.5,425.2,38,0.255,579,20,"22,408",265.84,160.2,-126.23,-17.17,9.487,3.31E-01,-1.11E-04,-2.82E-09,15.6782,2154.9,-34.42,-78,17,,"C4H10, N-BUTANE"
189,C4H10,ISOBUTANE,58.124,-159.6,-11.9,408.1,36.5,0.263,557,20,"21,311",302.51,170.2,-134.61,20.89,-1.39,3.85E-01,-1.85E-04,2.90E-08,15.5381,2032.73,-33.15,-86,7,,"C4H10, ISOBUTANE"
190,C4H10O,N-BUTANOL,74.123,-89.3,117.7,562.9,44.2,0.274,810,20,"43,124",984.54,341.12,-274.86,-150.89,3.266,4.18E-01,-2.24E-04,4.69E-08,17.216,3137.02,-94.43,15,131,,"C4H10O, N-BUTANOL"
191,C4H10O,2-BUTANOL,74.123,-114.7,99.5,536,41.9,0.268,807,20,"40,821",1441.7,331.5,-292.82,-167.72,5.753,4.25E-01,-2.33E-04,4.77E-08,17.2102,3026.03,-86.65,25,120,,"C4H10O, 2-BUTANOL"
192,C4H10O,ISOBUTANOL,74.123,-108,107.8,547.7,43,0.273,802,20,"42,077",1199.1,343.85,-283.4,-167.43,-7.708,4.69E-01,-2.88E-04,7.23E-08,16.8712,2874.73,-100.3,20,115,,"C4H10O, ISOBUTANOL"
193,C4H10O,2-METHYL-2-PROPANOL,74.123,25.6,82.4,506.2,39.7,0.275,787,20,"39,063",972.1,363.38,-312.63,-177.77,-48.613,7.17E-01,-7.08E-04,2.92E-07,16.8548,2658.29,-95.5,20,103,,"C4H10O, 2-METHYL-2-PROPANOL"
194,C4H10O,ETHYL ETHER,74.123,-116.3,34.5,466.7,36.4,0.28,713,20,"26,712",353.14,190.58,-252.38,-122.42,21.424,3.36E-01,-1.04E-04,-9.36E-09,16.0828,2511.29,-41.95,-48,67,,"C4H10O, ETHYL ETHER"
195,C4H10O2,1;2-DIMETHOXYETHANE,90.123,-71.2,85.4,536,38.7,0.271,867,20,"31,443",,,,,32.234,3.57E-01,-1.34E-04,8.40E-09,16.0241,2869.79,-53.15,-11,120,,"C4H10O2, 1;2-DIMETHOXYETHANE"
196,C4H10O3,DIETHYLENE GLYCOL,106.122,-8.2,245.8,681,46.6,0.316,1116,20,"57,234",1943,385.24,-571.5,,73.06,3.44E-01,-1.47E-04,1.85E-08,17.0326,4122.52,-122.5,129,287,,"C4H10O3, DIETHYLENE GLYCOL"
197,C4H10S,DIMETHYL SULPHIDE,90.184,-104,92.1,557,39.6,0.318,837,20,"31,778",407.59,233.32,-83.53,17.79,13.595,3.96E-01,-1.78E-04,2.65E-08,15.9531,2896.27,-54.49,-13,117,,"C4H10S, DIMETHYL SULPHIDE"
198,C4H10S2,DIETHYL DISULPHIDE,122.244,-101.5,154,642,,,998,20,"37,723",,,-74.69,22.27,26.896,4.60E-01,-2.71E-04,5.97E-08,16.0607,3421.57,-64.19,39,182,,"C4H10S2, DIETHYL DISULPHIDE"
199,C4H11N,N-BUTYL AMINE,73.139,-49.1,77.4,524,41.5,0.288,739,20,"32,113",472.06,243.98,-92.11,49.24,5.079,4.48E-01,-2.41E-04,7.60E-08,16.6085,3012.7,-48.96,-14,100,,"C4H11N, N-BUTYL AMINE"
200,C4H11N,ISOBUTYL AMINE,73.139,-85.2,67.4,516,42.6,0.284,,,"30,982",,,,,9.491,4.43E-01,-2.11E-04,2.33E-08,16.1419,2704.16,-56.15,-22,100,,"C4H11N, ISOBUTYL AMINE"
201,C4H11N,DIETHYL AMINE,73.139,-49.8,55.4,496.6,37.1,0.301,707,20,"27,842",473.89,229.29,-72.43,72.14,2.039,4.43E-01,-2.18E-04,3.65E-08,16.0545,2595.01,-53.15,-31,77,,"C4H11N, DIETHYL AMINE"
202,C4H12Si,TETRAMETHYLSILANE,88.225,-102.2,27.6,448.6,28.2,0.362,646,20,"24,685",,,-232.41,,,,,,16.0999,2570.24,-28.73,27,-84,,"C4H12Si, TETRAMETHYLSILANE"
203,C5H4O2,FURFURAL,96.085,-31,161.7,657.1,49.2,0.27,1156,25,,,,,,18.196,2.82E-01,-6.52E-05,-5.48E-08,18.7949,5365.88,5.4,77,277,,"C5H4O2, FURFURAL"
204,C5H5N,PYRIDINE,79.102,-41.7,115.3,620,56.3,0.254,983,20,"35,169",618.5,291.58,140.26,190.33,39.791,4.93E-01,-3.56E-04,1.00E-07,16.091,3095.13,-61.15,12,152,,"C5H5N, PYRIDINE"
205,C5H8,CYCLOPENTENE,68.119,-135.1,44.2,506,,,772,20,"27,005",396.83,218.66,32.95,110.66,-41.512,4.63E-01,-2.58E-04,5.43E-08,15.9356,2583.07,-39.7,-29,105,,"C5H8, CYCLOPENTENE"
206,C5H8,1;2-PENTADIENE,68.119,-137.3,44.8,503,40.7,0.276,693,20,"27,591",,,145.7,210.55,8.826,3.88E-01,-2.28E-04,5.25E-08,15.9297,2544.34,-44.3,-23,67,,"C5H8, 1;2-PENTADIENE"
207,C5H8,1-TRANS-3-PENTADIENE,68.119,-87.5,42,496,39.9,0.275,676,20,"27,047",,,77.87,146.83,30.689,2.81E-01,-6.71E-05,-2.35E-08,15.9182,2541.69,-41.43,-23,67,,"C5H8, 1-TRANS-3-PENTADIENE"
208,C5H8,1;4-PENTADIENE,68.119,-148.3,25.9,478,37.9,0.276,661,20,"25,163",,,105.51,170.36,6.996,3.95E-01,-2.37E-04,5.60E-08,15.7392,2344.02,-41.69,-33,47,,"C5H8, 1;4-PENTADIENE"
209,C5H8,1-PENTYNE,68.119,-105.7,40.1,493.4,40.5,0.278,690,20,,,,144.44,210.39,18.066,3.50E-01,-1.91E-04,4.10E-08,16.0429,2515.62,-45.97,-43,62,,"C5H8, 1-PENTYNE"
210,C5H8,2-METHYL-1;3-BUTADIENE,68.119,-146,34,484,38.5,0.276,681,20,"26,084",328.49,182.48,75.78,145.95,-34.122,4.58E-01,-3.34E-04,1.00E-07,15.8548,2467.4,-39.64,-23,57,,"C5H8, 2-METHYL-1;3-BUTADIENE"
211,C5H8,3-METHYL-1;2-BUTADIENE,68.119,-113.7,40.8,496,41.1,0.267,686,20,"27,256",,,129.79,198.75,14.687,3.60E-01,-1.98E-04,4.26E-08,15.988,2541.83,-42.26,-23,62,,"C5H8, 3-METHYL-1;2-BUTADIENE"
212,C5H8O,CYCLOPENTONE,84.118,-50.7,130.7,626,53.7,0.268,950,20,"36,593",574.71,303.44,-192.76,,-40.641,5.23E-01,-3.04E-04,7.13E-08,16.0897,3193.92,-66.15,27,167,,"C5H8O, CYCLOPENTONE"
213,C5H8O2,ETHYL ACRYLATE,100.118,-72.2,99.8,552,37.5,0.32,921,20,"33,285",438.08,256.84,,,16.81,3.69E+00,-1.38E-04,-5.73E-09,16.089,2974.94,-58.15,1,136,,"C5H8O2, ETHYL ACRYLATE"
214,C5H10,CYCLOPENTANE,70.135,-93.9,49.2,511.6,45.1,0.26,745,20,"27,315",406.69,231.67,-77.29,38.64,-53.625,5.43E-01,-3.03E-04,6.49E-08,15.8574,2588.48,-41.79,-43,72,,"C5H10, CYCLOPENTANE"
215,C5H10,1-PENTENE,70.135,-165.3,29.9,464.7,40.5,0.3,640,20,"25,213",305.25,174.7,-20.93,79.17,-0.134,4.33E-01,-2.32E-04,4.68E-08,15.7646,2405.96,-39.63,-53,52,,"C5H10, 1-PENTENE"
216,C5H10,CIS-2-PENTENE,70.135,-151.4,36.9,476,36.5,0.3,656,20,"26,126",305.31,175.72,-28.09,71.89,-13.151,4.60E-01,-2.54E-04,5.46E-08,15.8251,2459.05,-42.56,-53,57,,"C5H10, CIS-2-PENTENE"
217,C5H10,TRANS-2-PENTENE,70.135,-140.3,36.3,475,36.6,0.3,649,20,"26,084",349.33,176.62,-31.78,69.96,1.947,4.18E-01,-2.18E-04,4.40E-08,15.9011,2495.97,-40.18,-53,57,,"C5H10, TRANS-2-PENTENE"
218,C5H10,2-METHYL-1-BUTENE,70.135,-137.6,31.1,465,34.5,0.294,650,20,"25,514",369.27,193.39,-36.34,65.65,10.572,4.00E-01,-1.95E-04,3.31E-08,15.826,2426.42,-40.36,-53,52,,"C5H10, 2-METHYL-1-BUTENE"
219,C5H10,2-METHYL-2-BUTENE,70.135,-133.8,38.5,470,34.5,0.318,662,20,"26,322",322.47,180.43,-42.58,59.7,11.803,3.51E-01,-1.12E-04,-5.81E-09,15.9238,2521.53,-40.31,-47,62,,"C5H10, 2-METHYL-2-BUTENE"
220,C5H10,3-METHYL-1-BUTENE,70.135,-168.5,20.1,450,35.2,0.3,627,20,"24,116",,,-28.97,74.82,21.742,3.89E-01,-2.01E-04,4.01E-08,15.7179,2333.61,-36.33,-63,42,,"C5H10, 3-METHYL-1-BUTENE"
221,C5H10O,VALERALDEHYDE,86.134,-91.2,102.8,554,35.5,0.333,810,20,"33,662",521.3,252.03,-227.97,-108.35,14.239,4.33E-01,-2.11E-04,3.16E-08,16.1623,3030.2,-58.15,-46,139,,"C5H10O, VALERALDEHYDE"
222,C5H10O,METHYL N-PROPYL KETONE,86.134,-77.2,102.3,564,38.9,0.301,806,20,"33,494",437.94,243.03,-258.83,-137.16,1.147,4.80E-01,-2.82E-04,6.66E-08,16.0031,2934.87,-62.25,2,137,,"C5H10O, METHYL N-PROPYL KETONE"
223,C5H10O,METHYL ISOPROPYL KETONE,86.134,-92.2,94.2,553.4,38.5,0.31,803,20,"30,647",,,,,-2.914,4.99E-01,-2.94E-04,6.67E-08,14.1779,1993.12,-103.2,-2,133,,"C5H10O, METHYL ISOPROPYL KETONE"
224,C5H10O,DIETHYL KETONE,86.134,-39,101.9,561,37.4,0.336,814,20,"33,746",409.17,236.65,-258.83,135.36,30.011,3.94E-01,-1.91E-04,3.40E-08,16.8138,3410.51,-40.15,2,127,,"C5H10O, DIETHYL KETONE"
225,C5H10O2,N-VALERIC ACID,102.134,-34.2,185.5,651,38.5,0.34,939,20,"49,823",729.09,341.13,-490.69,-357.43,13.389,5.03E-01,-2.93E-04,6.62E-08,17.6306,4092.15,-86.55,77,222,,"C5H10O2, N-VALERIC ACID"
226,C5H10O2,ISOBUTYL FORMATE,102.134,-95.2,98.4,551,38.8,0.35,885,20,"34,206",,,,,19.85,4.03E-01,-1.44E-04,-7.40E-09,16.2292,2980.47,-64.15,5,136,,"C5H10O2, ISOBUTYL FORMATE"
227,C5H10O2,N-PROPYL ACETATE,102.134,-95.2,101.6,549.4,33.3,0.345,887,20,"34,206",489.53,255.83,-466.03,,15.42,4.50E-01,-1.69E-04,-1.44E-08,16.2291,2980.47,-64.15,7,137,,"C5H10O2, N-PROPYL ACETATE"
228,C5H10O2,ETHYL PROPIONATE,102.134,-73.9,98.8,546,33.6,0.345,895,16,"34,248",463.31,248.72,-470.18,-323.72,19.854,4.03E-01,-1.44E-04,-7.40E-09,16.162,2935.11,-64.16,3,123,,"C5H10O2, ETHYL PROPIONATE"
229,C5H10O2,METHYL BUTYRATE,102.134,-84.8,102.6,554.4,34.8,0.34,898,20,"34,101",479.35,254.66,,,,,,,,,,,,,"C5H10O2, METHYL BUTYRATE"
230,C5H10O2,METHYL ISOBUTYRATE,102.134,-87.8,92.2,540.8,34.3,0.339,891,20,"33,386",451.21,246.09,,,,,,,,,,,,,"C5H10O2, METHYL ISOBUTYRATE"
231,C5H11N,PIPERIDINE,85.15,-10.5,106.5,594,47.6,0.289,862,20,"34,248",772.79,313.49,-49.03,,-53.068,6.29E-01,-3.36E-04,6.43E-08,16.1004,3015.46,-61.15,7,143,,"C5H11N, PIPERIDINE"
232,C5H12,N-PENTANE,72.151,-129.8,36,469.6,33.7,0.304,626,20,"25,791",313.66,182.48,-146.54,-8.37,-3.626,4.87E-01,-2.58E-04,5.30E-08,15.8333,2477.07,-39.94,-53,57,,"C5H12, N-PENTANE"
233,C5H12,2-METHYL BUTANE,72.151,-159.3,27.8,460.4,33.8,0.306,620,20,"24,702",367.32,191.58,-154.58,-14.82,-9.525,5.07E-01,-2.73E-04,5.72E-08,15.6338,2348.67,-40.05,-57,49,,"C5H12, 2-METHYL BUTANE"
234,C5H12,2;2-DIMETHYL PROPANE,72.151,-16.6,9.4,433.8,32,0.303,591,20,"22,768",355.54,196.35,-166.09,-15.24,-16.592,5.55E-01,-3.31E-04,7.63E-08,15.2069,2034.15,-45.37,-13,32,,"C5H12, 2;2-DIMETHYL PROPANE"
235,C5H12O,1-PENTANOL,88.15,-78.2,137.8,586,38.5,0.326,815,20,"44,380",1151.1,349.62,-298.94,-146.12,3.869,5.05E-01,-2.64E-04,5.12E-08,16.527,3026.89,-105,37,138,,"C5H12O, 1-PENTANOL"
236,C5H12O,2-METHYL-1-BUTANOL,88.15,-70.2,128.7,571,38.5,0.322,819,20,"45,217",1259.4,349.85,-302.71,-165.71,-9.483,5.68E-01,-3.48E-04,8.64E-08,16.2708,2752.19,-116.3,34,129,,"C5H12O, 2-METHYL-1-BUTANOL"
237,C5H12O,3-METHYL-1-BUTANOL,88.15,-117.2,131.2,579.5,38.5,0.329,810,20,"44,129",1148.8,349.51,-302.29,,-9.542,5.68E-01,-3.49E-04,8.65E-08,16.7127,3026.43,-104.1,25,153,,"C5H12O, 3-METHYL-1-BUTANOL"
238,C5H12O,2-METHYL-2-BUTANOL,88.15,-8.8,102,545,39.5,0.319,809,20,"40,612",1502,336.75,-329.92,-165.38,-12.087,6.10E-01,-4.20E-04,1.23E-07,15.0113,1988.08,-137.8,25,102,,"C5H12O, 2-METHYL-2-BUTANOL"
239,C5H12O,2;2-DIMETHYL-1-PROPANOL,88.15,53.8,113.1,549,39.5,0.319,783,54,"43,124",,,-293.08,-125.52,12.154,5.40E-01,-3.16E-04,7.12E-08,18.1336,3694.96,-65,55,133,,"C5H12O, 2;2-DIMETHYL-1-PROPANOL"
240,C5H12O,ETHYL PROPYL ETHER,88.15,-126.8,63.6,500.6,32.5,,733,20,"30,522",399.87,213.39,,,,,,,15.3549,2423.41,-62.28,-27,87,,"C5H12O, ETHYL PROPYL ETHER"
241,C5H12O,METHYL-T-BUTYL ETHER,88.15,-108.2,55.1,407.1,34.3,0.339,741,20,"27,646",,,-292.99,-125.52,2.533,5.14E-01,-2.60E-04,4.30E-08,16.4174,2913.7,-30.63,-88,88,,"C5H12O, METHYL-T-BUTYL ETHER"
242,C5H12O,BUTYLMETHYL ETHER,88.15,-115.5,70.1,512.8,34.3,0.329,,,,,,,,,,,,15.883,2666.26,-53.7,69,23,,"C5H12O, BUTYLMETHYL ETHER"
243,C6F6,PERFLUOROBENZENE,186.056,,80.2,516.7,33,,,,,,,-957.27,-879.98,36.283,5.27E-01,-4.55E-04,1.46E-07,16.194,2827.53,-57.66,-3,117,,"C6F6, PERFLUOROBENZENE"
244,C6F12,PERFLUOROCYCLOHEXANE,300.047,,52.5,457.2,24.3,,,,,,,,,,,,,13.9087,1374.07,-136.8,7,127,,"C6F12, PERFLUOROCYCLOHEXANE"
245,C6F14,PERFLUORO-N-HEXANE,338.044,-87.2,57.1,451.7,19,0.442,,,,,,,,,,,,15.8307,2488.59,-59.73,-3,57,,"C6F14, PERFLUORO-N-HEXANE"
246,C6H3Cl3,1;2;4-TRICHLOROBENZENE,181.449,16.8,213,734.9,39.8,0.401,,,,,,,,-14.361,6.09E-01,-5.62E-04,2.07E-07,16.8979,4452.5,-53,127,327,,"C6H3Cl3, 1;2;4-TRICHLOROBENZENE"
247,C6H4Cl2,O-DICHLOROBENZENE,147.004,-17.1,180.4,697.3,41,0.36,1306,20,"39,691",554.35,319.07,29.98,82.73,-14.302,5.51E-01,-4.51E-04,1.43E-07,16.2799,3798.23,-59.84,58,210,,"C6H4Cl2, O-DICHLOROBENZENE"
248,C6H4Cl2,M-DICHLOROBENZENE,147.004,-24.8,172.8,684,38.5,0.359,1288,20,"38,644",402.2,300.89,26.46,78.63,-13.59,5.49E-01,-4.51E-04,1.43E-07,16.8173,4104.13,-43.15,53,202,,"C6H4Cl2, M-DICHLOROBENZENE"
249,C6H4Cl2,P-DICHLOROBENZENE,147.004,53.1,174.1,685,39.5,0.372,1248,55,"38,812",483.82,312.03,23.03,77.2,-14.344,5.53E-01,-4.56E-04,1.45E-07,16.1135,3626.83,-64.64,54,204,,"C6H4Cl2, P-DICHLOROBENZENE"
250,C6H5Br,BROMOBENZENE,157.01,-30.9,156,670,45.2,0.324,1495,20,,508.18,302.42,105.09,138.62,-28.805,5.35E-01,-4.08E-04,1.21E-07,15.7972,3313,-67.71,47,177,,"C6H5Br, BROMOBENZENE"
251,C6H5Cl,CHLOROBENZENE,112.559,-45.6,131.7,632.4,45.2,0.308,1106,20,"36,572",477.76,276.22,51.87,99.23,-33.888,5.63E-01,-4.52E-04,1.43E-07,16.0676,3295.12,-55.6,47,147,,"C6H5Cl, CHLOROBENZENE"
252,C6H5F,FLUOROBENZENE,96.104,-39.2,85.3,560.1,45.5,0.271,1024,20,,452.06,252.89,-116.64,-69.08,-38.728,5.67E-01,-4.43E-04,1.36E-07,16.5487,3181.78,-37.59,-23,97,,"C6H5F, FLUOROBENZENE"
253,C6H5I,IODOBENZENE,204.011,-31.4,188.2,721,45.2,0.351,1855,4,"39,523",565.72,331.21,162.66,187.9,-29.274,5.56E-01,-4.51E-04,1.44E-07,16.1454,3776.53,-64.38,17,197,,"C6H5I, IODOBENZENE"
254,C6H5NO2,NITROBENZENE,123.112,4.8,210.6,712,35,0.337,1203,20,"44,031",,,-67.49,,,,,,16.1484,4032.66,-71.81,44,211,,"C6H5NO2, NITROBENZENE"
255,C6H6,BENZENE,78.114,5.5,80.1,562.1,48.9,0.259,885,16,"30,781",545.64,265.34,82.98,129.75,-33.917,4.74E-01,-3.02E-04,7.13E-08,15.9008,2788.51,-52.36,7,104,,"C6H6, BENZENE"
256,C6H6O,PHENOL,94.113,40.8,181.8,694.2,61.3,0.229,1059,40,"45,636",1405.5,370.07,-96.67,-32.91,-35.843,5.98E-01,-4.83E-04,1.53E-07,16.4279,3490.89,-98.59,72,208,,"C6H6O, PHENOL"
257,C6H7N,ANILINE,93.129,-6.2,184.3,699,53.1,0.27,1022,20,"41,868",1074.6,357.21,86.92,166.8,-40.516,6.38E-01,-5.13E-04,1.63E-07,16.6748,3857.52,-73.15,67,227,,"C6H7N, ANILINE"
258,C6H7N,4-METHYL PYRIDINE,93.129,3.7,145.3,646,44.6,0.311,955,20,"37,472",500.97,285.5,102.28,,-17.43,4.88E-01,-2.80E-04,5.45E-08,16.2143,3409.4,-62.65,27,187,,"C6H7N, 4-METHYL PYRIDINE"
259,C6H10,1;5-HEXADIENE,82.146,-141.2,59.4,507,34.5,0.328,692,20,"27,470",,,83.74,,,,,,16.1351,2728.54,-45.45,9,77,,"C6H10, 1;5-HEXADIENE"
260,C6H10,CYCLOHEXENE,82.146,-103.5,82.9,560.4,43.5,0.292,816,16,"30,480",506.92,264.54,-5.36,106.93,-68.651,7.25E-01,-5.41E-04,1.64E-07,15.8243,2813.53,-49.98,27,87,,"C6H10, CYCLOHEXENE"
261,C6H10O,CYCLOHEXANONE,98.145,-31.2,155.6,629,38.5,0.312,951,15,"39,775",787.38,336.47,-230.27,-90.81,-37.807,5.54E-01,-1.95E-04,-1.53E-08,,,,,,,"C6H10O, CYCLOHEXANONE"
262,C6H12,CYCLOHEXANE,84.162,6.5,80.7,553.4,40.7,0.308,779,20,"29,977",653.62,290.84,-123.22,31.78,-54.541,6.11E-01,-2.52E-04,1.32E-08,15.7527,2766.63,-50.5,7,107,,"C6H12, CYCLOHEXANE"
263,C6H12,METHYLCYCLOPENTANE,84.162,-142.5,71.8,532.7,37.9,0.319,754,16,"29,098",440.52,243.24,-105.93,35.8,-50.108,6.38E-01,-3.64E-04,8.01E-08,15.8023,2731,-47.11,-23,102,,"C6H12, METHYLCYCLOPENTANE"
264,C6H12,1-HEXENE,84.162,-139.9,63.4,504,31.7,0.35,673,20,"28,303",357.43,197.74,-41.7,87.5,-1.746,5.31E-01,-2.90E-04,6.05E-08,15.8089,2654.81,-47.3,-33,87,,"C6H12, 1-HEXENE"
265,C6H12,CIS-2-HEXENE,84.162,-141.2,68.8,518,32.8,0.351,687,20,"29,140",344.33,197.95,-52.38,76.28,-9.81,5.31E-01,-2.72E-04,4.83E-08,16.2057,2897.97,-39.3,-28,97,,"C6H12, CIS-2-HEXENE"
266,C6H12,TRANS-2-HEXENE,84.162,-133.2,67.8,516,32.7,0.351,678,20,"28,931",344.33,197.95,-53.93,76.49,-32.925,6.93E-01,-5.62E-04,2.00E-07,15.8727,2701.72,-48.62,-28,92,,"C6H12, TRANS-2-HEXENE"
267,C6H12,CIS-3-HEXENE,84.162,-137.9,66.4,517,32.8,0.35,680,20,"28,721",344.33,197.95,-47.65,83.07,-21.729,5.81E-01,-3.36E-04,7.46E-08,15.8384,2680.52,-48.4,-28,92,,"C6H12, CIS-3-HEXENE"
268,C6H12,TRANS-3-HEXENE,84.162,-113.5,67.1,519.9,32.5,0.35,677,20,"28,973",344.33,197.95,-54.47,77.67,-4.338,5.51E-01,-3.28E-04,8.05E-08,15.9288,2718.68,-47.77,-28,92,,"C6H12, TRANS-3-HEXENE"
269,C6H12,2-METHYL-2-PENTENE,84.162,-135.1,67.3,518,32.8,0.351,691,16,"29,015",,,-59.79,71.26,-14.75,5.67E-01,-3.34E-04,7.96E-08,15.9423,2725.89,-47.64,-28,97,,"C6H12, 2-METHYL-2-PENTENE"
270,C6H12,3-METHYL-CIS-2-PENTENE,84.162,-134.9,67.7,518,32.8,0.351,694,20,"28,847",,,-57.78,73.27,-14.75,5.67E-01,-3.34E-04,7.96E-08,15.9124,2731.79,-46.76,-25,91,,"C6H12, 3-METHYL-CIS-2-PENTENE"
271,C6H12,3-METHYL-TRANS-2-PENTENE,84.162,-138.5,70.4,521,32.9,0.35,698,20,"29,308",,,-58.7,71.34,-14.75,5.67E-01,-3.34E-04,7.96E-08,15.9484,2750.5,-48.33,-23,93,,"C6H12, 3-METHYL-TRANS-2-PENTENE"
272,C6H12,4-METHYL-CIS-2-PENTENE,84.162,-134.2,56.4,490,30.4,0.36,669,20,"27,591",,,-50.37,82.19,-1.675,5.38E-01,-3.04E-04,6.75E-08,15.7527,2580.52,-46.56,-35,79,,"C6H12, 4-METHYL-CIS-2-PENTENE"
273,C6H12,4-METHYL-TRANS-2-PENTENE,84.162,-141.2,58.5,493,30.4,0.36,669,20,"27,968",,,-54.39,79.67,12.627,5.15E-01,-3.01E-04,7.33E-08,15.8425,2631.57,-46,-33,81,,"C6H12, 4-METHYL-TRANS-2-PENTENE"
274,C6H12,2;3-DIMETHYL-1-BUTENE,84.162,-157.3,55.6,501,32.4,0.343,678,20,"27,424",,,-55.77,79.09,7.025,5.59E-01,-3.70E-04,1.06E-07,15.8012,2612.69,-43.78,-38,87,,"C6H12, 2;3-DIMETHYL-1-BUTENE"
275,C6H12,2;3-DIMETHYL-2-BUTENE,84.162,-74.3,73.2,524,33.6,0.351,708,20,"29,655",,,-59.24,75.91,2.294,4.83E-01,-2.20E-04,3.04E-08,16.0043,2798.63,-47.71,-23,102,,"C6H12, 2;3-DIMETHYL-2-BUTENE"
276,C6H12,3;3-DIMETHYL-1-BUTENE,84.162,-115.2,41.2,490,32.5,0.34,653,20,"25,665",,,-43.17,98.22,-12.556,5.48E-01,-2.92E-04,5.21E-08,15.3755,2326.8,-48.24,-48,67,,"C6H12, 3;3-DIMETHYL-1-BUTENE"
277,C6H12O,CYCLOHEXANOL,100.161,24.8,161.1,625,37.5,0.327,942,30,"45,511",,,-294.75,-117.98,-55.534,7.21E-01,-4.09E-04,8.24E-08,,,,,,,"C6H12O, CYCLOHEXANOL"
278,C6H12O,METHYL ISOBUTYL KETONE,100.161,-84.2,116.4,571,32.7,0.371,801,20,"35,588",473.65,259.03,-284.03,,3.894,5.66E-01,-3.32E-04,8.23E-08,15.7165,2893.66,-70.75,12,152,,"C6H12O, METHYL ISOBUTYL KETONE"
279,C6H12O2,N-BUTYL ACETATE,116.16,-73.5,126,579,31.4,0.4,898,0,"36,006",537.58,272.3,-486.76,,13.62,5.49E-01,-2.28E-04,-7.91E-10,16.1836,3151.09,-69.15,22,162,,"C6H12O2, N-BUTYL ACETATE"
280,C6H12O2,ISOBUTYL ACETATE,116.16,-98.9,116.8,561,30.4,0.414,875,20,"35,873",533.99,270.49,-495.47,,7.31,5.74E-01,-2.58E-04,1.10E-08,16.1714,3092.83,-66.15,16,154,,"C6H12O2, ISOBUTYL ACETATE"
281,C6H12O2,ETHYL BUTYRATE,116.16,-93.2,120.8,566,31.4,0.395,879,20,"34,332",489.95,264.22,,,21.508,4.93E-01,-1.94E-04,3.56E-09,15.9987,3127.6,-60.15,15,159,,"C6H12O2, ETHYL BUTYRATE"
282,C6H12O2,ETHYL ISOBUTYRATE,116.16,-88.2,111,553,30.4,0.41,869,20,"35,023",,,,,,,,,,,,,,,"C6H12O2, ETHYL ISOBUTYRATE"
283,C6H12O2,N-PROPYL PROPIONATE,116.16,-75.9,122.5,578,,,881,20,"36,383",,,,,,,,,16.8641,3558.18,-47.86,19,147,,"C6H12O2, N-PROPYL PROPIONATE"
284,C6H14,N-HEXANE,86.178,-95.4,68.7,507.4,29.7,0.37,659,20,"28,872",362.79,207.09,-167.3,-0.25,-4.413,5.82E-01,-3.12E-04,6.49E-08,15.8366,2697.55,-48.78,-28,97,,"C6H14, N-HEXANE"
285,C6H14,2-METHYL PENTANE,86.178,-153.7,60.2,497.5,30.1,0.367,653,20,"27,800",384.13,208.27,-174.42,-5.02,-10.567,6.18E-01,-3.57E-04,8.08E-08,15.7476,2614.38,-46.58,-33,97,,"C6H14, 2-METHYL PENTANE"
286,C6H14,3-METHYL PENTANE,86.178,-118.2,63.2,504.4,31.2,0.367,664,20,"28,093",372.11,207.55,-171.74,-2.14,-2.386,5.69E-01,-2.87E-04,5.03E-08,15.7701,2653.43,-46.02,-33,92,,"C6H14, 3-METHYL PENTANE"
287,C6H14,2;2-DIMETHYL BUTANE,86.178,-99.9,49.7,488.7,30.8,0.359,649,20,"26,322",438.44,226.67,-185.68,-9.63,-16.634,6.29E-01,-3.48E-04,6.85E-08,15.5536,2489.5,-43.81,-43,77,,"C6H14, 2;2-DIMETHYL BUTANE"
288,C6H14,2;3-DIMETHYL BUTANE,86.178,-128.6,58,499.9,31.3,0.358,662,20,"27,298",444.19,228.86,-177.9,-4.1,-14.608,6.15E-01,-3.38E-04,6.82E-08,15.6802,2595.44,-44.25,-38,81,,"C6H14, 2;3-DIMETHYL BUTANE"
289,C6H14O,1-HEXANOL,102.177,-44,157,610,40.5,0.381,819,20,"48,567",1179.4,354.94,-317.78,-135.65,4.811,5.89E-01,-3.01E-04,5.43E-08,18.0994,4055.45,-76.49,35,157,,"C6H14O, 1-HEXANOL"
290,C6H14O,ETHYL BUTYL ETHER,102.177,-103.2,92.2,531,30.4,0.39,749,20,"31,820",443.32,234.68,,,23.626,5.37E-01,-2.53E-04,4.16E-08,16.0477,2921.52,-55.15,-8,127,,"C6H14O, ETHYL BUTYL ETHER"
291,C6H14O,DIISOPROPYL ETHER,102.177,-85.5,68.3,500,28.8,0.386,724,20,"29,349",410.58,219.67,-319.03,-121.96,7.503,5.85E-01,-3.03E-04,5.84E-08,16.3417,2895.73,-43.15,-24,91,,"C6H14O, DIISOPROPYL ETHER"
292,C6H15N,DIPROPYLAMINE,101.193,-63.2,109.2,550,31.4,0.407,738,20,"37,011",561.11,257.39,,,6.46,6.29E-01,-3.39E-04,7.07E-08,16.5939,3259.08,-55.15,29,149,,"C6H15N, DIPROPYLAMINE"
293,C6H15N,TRIETHYLAMINE,101.193,-114.8,89.5,535,30.4,0.39,728,20,"31,401",355.52,214.48,-99.65,110.36,-18.43,7.16E-01,-4.39E-04,1.09E-07,15.8853,2882.38,-51.15,-13,127,,"C6H15N, TRIETHYLAMINE"
294,C7F14,PERFLUOROMETHYLCYCLOHEXANE,350.055,,76.3,486.8,23.3,,,,,,,-2898.1,,,,,,15.713,2610.57,-61.93,17,112,,"C7F14, PERFLUOROMETHYLCYCLOHEXANE"
295,C7F16,PERFLUORO-N-HEPTANE,388.051,-78.2,82.5,474.8,16.2,0.664,1733,20,,,,-3386.7,-3089.31,,,,,15.9747,2719.68,-64.5,-3,117,,"C7F16, PERFLUORO-N-HEPTANE"
296,C7H5N,BENZONITRILE,103.124,-13.2,190.8,699.4,42.2,,1010,15,,,,218.97,261.05,-26.004,5.73E-01,-4.43E-04,1.35E-07,,,,,,,"C7H5N, BENZONITRILE"
297,C7H6O,BENZALDEHYDE,106.124,-57.2,178.8,695,46.6,,1045,20,"42,705",686.84,314.66,-36.8,22.4,-12.142,4.96E-01,-2.85E-04,5.17E-08,16.3501,3748.62,-66.12,27,187,,"C7H6O, BENZALDEHYDE"
298,C7H6O2,BENZOIC ACID,122.124,122.4,249.8,752,45.6,0.341,1075,130,"50,660",2617.6,407.88,-290.4,-210.55,-51.292,6.29E-01,-4.24E-04,1.06E-07,17.1634,4190.7,-125.2,132,287,,"C7H6O2, BENZOIC ACID"
299,C7H7NO2,O-NITROTOLUENE,137.139,-9.2,222.1,720,34,0.371,1167,20,"45,487",,,-265.86,,,,,,14.2028,2603.49,-151.52,222,129,,"C7H7NO2, O-NITROTOLUENE"
300,C7H7NO2,M-NITROTOLUENE,137.139,16,233.1,725,30.5,0.371,1158,20,"46,090",,,-265.86,,,,,,,,,,,,"C7H7NO2, M-NITROTOLUENE"
301,C7H7NO2,P-NITROTOLUENE,137.139,54.8,238,735,30.1,0.371,1164,20,"46,875",,,,,,,,,16.0433,3914.07,-90.45,233,129,,"C7H7NO2, P-NITROTOLUENE"
302,C7H8,TOLUENE,92.141,-95.2,110.6,591.7,41.1,0.316,867,20,"33,201",467.33,255.24,50.03,122.09,-24.355,5.12E-01,-2.77E-04,4.91E-08,16.0137,3096.52,-53.67,7,137,,"C7H8, TOLUENE"
303,C7H8O,METHYL PHENYL ETHER,108.14,-37.5,153.6,641,41.7,,996,20,,388.84,325.85,,,,,,,16.2394,3430.82,-69.58,97,167,,"C7H8O, METHYL PHENYL ETHER"
304,C7H8O,BENZYL ALCOHOL,108.14,-15.4,205.4,677,46.6,0.334,1041,25,"50,535",1088,367.21,-94.08,,-7.398,5.48E-01,-3.36E-04,7.77E-08,17.4582,4384.81,-73.15,112,330,,"C7H8O, BENZYL ALCOHOL"
305,C7H8O,O-CRESOL,108.14,30.9,191,697.6,50.1,0.282,1028,40,"45,217",1533.4,365.61,-128.7,-37.1,-32.276,7.00E-01,-5.92E-04,2.12E-07,15.9148,3305.37,-108,97,207,,"C7H8O, O-CRESOL"
306,C7H8O,M-CRESOL,108.14,12.2,202.2,705.8,45.6,0.31,1034,20,"47,436",1785.6,370.75,-132.43,-40.57,-45.008,7.26E-01,-6.03E-04,2.08E-07,17.2878,4274.42,-74.09,97,207,,"C7H8O, M-CRESOL"
307,C7H8O,P-CRESOL,108.14,34.7,201.9,704.6,51.5,,1019,40,"47,478",1826.9,372.68,-125.48,-30.9,-40.633,7.05E-01,-5.76E-04,1.97E-07,16.1989,3479.39,-111.3,97,207,,"C7H8O, P-CRESOL"
308,C7H9N,2;3-DIMETHYLPYRIDINE,107.156,,160.8,655.4,,,942,25,,,,68.29,,,,,,17.1492,4219.74,-33.04,147,167,,"C7H9N, 2;3-DIMETHYLPYRIDINE"
309,C7H9N,2;5-DIMETHYLPYRIDINE,107.156,,157,644.2,,,938,0,,,,66.44,,,,,,16.3046,3545.14,-63.59,77,162,,"C7H9N, 2;5-DIMETHYLPYRIDINE"
310,C7H9N,3;4-DIMETHYLPYRIDINE,107.156,,179.1,683.8,,,954,25,,,,70.05,,,,,,16.9517,4237.04,-41.65,127,187,,"C7H9N, 3;4-DIMETHYLPYRIDINE"
311,C7H9N,3;5-DIMETHYLPYRIDINE,107.156,,171.9,667.2,,,939,25,,,,72.81,,,,,,16.885,4106.95,-44.45,127,187,,"C7H9N, 3;5-DIMETHYLPYRIDINE"
312,C7H9N,METHYLPHENYLAMINE,107.156,-57.2,195.9,701,52,,989,20,,915.12,332.74,85.41,199.33,,,,,16.3066,3756.28,-80.71,47,207,,"C7H9N, METHYLPHENYLAMINE"
313,C7H9N,O-TOLUIDINE,107.156,-14.8,200.1,694,37.5,0.343,998,20,"45,364",1085.1,356.46,,,,,,,16.7834,4072.58,-72.15,102,227,,"C7H9N, O-TOLUIDINE"
314,C7H9N,M-TOLUIDINE,107.156,-30.4,203.3,709,41.5,0.343,989,20,"45,636",928.12,354.07,,,-15.989,5.68E-01,-3.03E-04,4.64E-08,16.7498,4080.32,-73.15,82,227,,"C7H9N, M-TOLUIDINE"
315,C7H9N,P-TOLUIDINE,107.156,43.7,200.1,667,,,964,50,"44,799",738.9,356.02,,,,,,,16.6968,4041.04,-72.15,77,227,,"C7H9N, P-TOLUIDINE"
316,C7H14,CYCLOHEPTANE,98.189,-8.2,118.7,589,37.2,0.39,810,20,"33,076",,,-119.41,63.05,-76.187,7.87E-01,-4.20E-04,7.56E-08,15.7818,3066.05,-56.8,57,162,,"C7H14, CYCLOHEPTANE"
317,C7H14,1;1-DIMETHYLCYCLOPENTANE,98.189,-69.8,87.8,547,34.5,0.36,759,16,"30,312",,,-138.37,39.06,-57.891,7.67E-01,-4.50E-04,1.01E-07,15.6973,2807.94,-51.2,-13,117,,"C7H14, 1;1-DIMETHYLCYCLOPENTANE"
318,C7H14,CIS-1;2-DIMETHYLCYCLOPENTANE,98.189,-53.9,99.5,564.8,34.5,0.368,777,16,"31,719",,,-129.62,45.76,-55.643,7.62E-01,-4.48E-04,1.01E-07,15.7729,2922.3,-52.94,-3,127,,"C7H14, CIS-1;2-DIMETHYLCYCLOPENTANE"
319,C7H14,TRANS-1;2-DIMETHYLCYCLOPENTANE,98.189,-117.6,91.8,553.2,34.5,0.362,756,16,"30,878",,,-136.78,38.39,-54.521,7.59E-01,-4.48E-04,1.02E-07,15.7594,2861.53,-51.46,-13,117,,"C7H14, TRANS-1;2-DIMETHYLCYCLOPENTANE"
320,C7H14,ETHYLCYCLOPENTANE,98.189,-138.5,103.4,569.5,33.9,0.375,771,16,"32,301",433.81,249.72,-127.15,44.59,-55.312,7.51E-01,-4.40E-04,1.00E-07,15.8581,2990.13,-52.47,-3,129,,"C7H14, ETHYLCYCLOPENTANE"
321,C7H14,METHYLCYCLOHEXANE,98.189,-126.6,100.9,572.1,34.8,0.368,774,16,"31,150",528.41,271.58,-154.87,27.3,-61.919,7.84E-01,-4.44E-04,9.37E-08,15.7105,2926.04,-51.75,-3,127,,"C7H14, METHYLCYCLOHEXANE"
322,C7H14,1-HEPTENE,98.189,-118.9,93.6,537.2,28.4,0.44,679,20,"31,108",368.69,214.32,-62.34,95.88,-3.303,6.30E-01,-3.51E-04,7.61E-08,15.8894,2895.51,-53.97,-8,127,,"C7H14, 1-HEPTENE"
323,C7H14,2;3;3-TRIMETHYL-1-BUTENE,98.189,-109.9,77.8,533,29,0.4,705,20,"28,889",,,-86.54,,,,,,15.6536,2719.47,-49.56,-20,102,,"C7H14, 2;3;3-TRIMETHYL-1-BUTENE"
324,C7H16,N-HEPTANE,100.205,-90.6,98.4,540.2,27.4,0.432,684,20,"31,719",436.73,232.53,-187.9,8,-5.146,6.76E-01,-3.65E-04,7.66E-08,15.8737,2911.32,-56.51,-3,127,,"C7H16, N-HEPTANE"
325,C7H16,2-METHYLHEXANE,100.205,-118.3,90,530.3,27.4,0.421,679,20,"30,689",417.46,225.13,-195.06,3.22,-39.389,8.64E-01,-6.29E-04,1.84E-07,15.8261,2845.06,-53.6,-9,117,,"C7H16, 2-METHYLHEXANE"
326,C7H16,3-METHYLHEXANE,100.205,-173.2,91.8,535.2,28.2,0.404,687,20,"30,815",,,-192.43,4.61,-7.046,6.84E-01,-3.73E-04,7.83E-08,15.8133,2855.66,-53.93,-8,117,,"C7H16, 3-METHYLHEXANE"
327,C7H16,2;2-DIMETHYLPENTANE,100.205,-123.8,79.2,520.4,27.8,0.416,674,20,"29,182",417.37,226.19,-206.28,0.08,-50.099,8.96E-01,-6.36E-04,1.74E-07,15.6917,2740.15,-49.85,-19,105,,"C7H16, 2;2-DIMETHYLPENTANE"
328,C7H16,2;3-DIMETHYLPENTANE,100.205,,89.7,537.3,29.1,0.393,965,20,"30,409",,,-199.38,0.67,-7.046,7.05E-01,-3.73E-04,7.83E-08,15.7815,2850.64,-51.33,-11,115,,"C7H16, 2;3-DIMETHYLPENTANE"
329,C7H16,2;4-DIMETHYLPENTANE,100.205,-119.2,80.5,519.7,27.4,0.418,673,20,"29,517",,,-202.14,3.1,-7.046,6.84E-01,-3.73E-04,7.83E-08,15.7179,2744.78,-51.52,-17,105,,"C7H16, 2;4-DIMETHYLPENTANE"
330,C7H16,3;3-DIMETHYLPENTANE,100.205,-134.5,86,536.3,29.5,0.414,693,20,"29,668",,,-201.68,2.64,-7.046,6.84E-01,-3.73E-04,7.83E-08,15.719,2829.1,-47.83,-13,112,,"C7H16, 3;3-DIMETHYLPENTANE"
331,C7H16,3-ETHYLPENTANE,100.205,-118.6,93.4,540.6,28.9,0.416,698,20,"30,978",,,-189.79,11.01,-7.046,6.84E-01,-3.73E-04,7.83E-08,15.8317,2882.44,-53.26,-7,119,,"C7H16, 3-ETHYLPENTANE"
332,C7H16,2;2;3-TRIMETHYLBUTANE,100.205,-24.9,80.8,531.1,29.6,0.398,690,20,"28,968",,,-204.94,4.27,-22.944,7.52E-01,-4.42E-04,1.00E-07,15.6398,2764.4,-47.1,-19,106,,"C7H16, 2;2;3-TRIMETHYLBUTANE"
333,C7H16O,1-HEPTANOL,116.204,-34,176.3,633,30.4,0.435,822,20,"48,148",1287,361.83,-332.01,-121,4.907,6.78E-01,-3.45E-04,6.05E-08,15.3068,2626.42,-146.6,60,176,,"C7H16O, 1-HEPTANOL"
334,C8H4O3,PHTHALIC ANHYDRIDE,148.118,130.8,286.8,810,47.6,0.368,,,"49,614",,,-371.79,,-4.455,6.54E-01,-4.28E-04,1.01E-07,15.9984,4467.01,-83.15,136,342,,"C8H4O3, PHTHALIC ANHYDRIDE"
335,C8H8,STYRENE,104.152,-30.7,145.1,647,39.9,,906,20,"36,844",528.64,276.71,147.46,213.95,-28.248,6.16E-01,-4.02E-04,9.94E-08,16.0193,3328.57,-63.72,32,187,,"C8H8, STYRENE"
336,C8H8O,METHYL PHENYL KETONE,120.151,19.6,201.7,701,38.5,0.376,1032,15,,1316.4,310.82,-86.92,1.84,-29.58,6.41E-01,-4.07E-04,9.72E-08,16.2384,3781.07,-81.15,77,247,,"C8H8O, METHYL PHENYL KETONE"
337,C8H8O2,METHYL BENZOATE,136.151,-12.4,199,692,36.5,0.396,1083,20,"43,124",768.94,332.33,-254.06,,-21.21,5.50E-01,-1.80E-04,4.43E-08,16.2272,3751.83,-81.15,77,243,,"C8H8O2, METHYL BENZOATE"
338,C8H10,O-XYLENE,106.168,-25.2,144.4,630.2,37.3,0.369,880,20,"36,844",513.54,277.98,19.01,122.17,-15.851,5.96E-01,-3.44E-04,7.53E-08,16.1156,3395.57,-59.46,32,172,,"C8H10, O-XYLENE"
339,C8H10,M-XYLENE,106.168,-47.9,139.1,617,35.5,0.376,864,20,"36,383",453.42,257.18,17.25,118.95,-29.165,6.30E-01,-3.75E-04,8.48E-08,16.139,3366.99,-58.04,27,167,,"C8H10, M-XYLENE"
340,C8H10,P-XYLENE,106.168,13.2,138.3,616.2,35.2,0.379,861,20,"36,006",475.16,261.4,17.96,121.21,-25.091,6.04E-01,-3.37E-04,6.82E-08,16.0963,3346.65,-57.84,27,167,,"C8H10, P-XYLENE"
341,C8H10,ETHYL BENZENE,106.168,-95,136.1,617.1,36.1,0.374,867,20,"35,588",472.82,264.22,29.81,130.67,-43.099,7.07E-01,-4.81E-04,1.30E-07,16.0195,3272.47,-59.95,27,177,,"C8H10, ETHYL BENZENE"
342,C8H10O,O-ETHYLPHENOL,122.167,-3.4,204.5,703,,,1037,0,"48,106",,,-145.78,,,,,,17.961,4928.36,-45.75,77,227,,"C8H10O, O-ETHYLPHENOL"
343,C8H10O,M-ETHYLPHENOL,122.167,-4.2,218.4,716.4,,,1025,0,"50,828",,,-146.58,,,,,,17.1955,4272.77,-86.08,97,227,,"C8H10O, M-ETHYLPHENOL"
344,C8H10O,P-ETHYLPHENOL,122.167,44.8,217.8,716.4,,,,,"50,660",,,-144.65,,,,,,19.0905,5579.62,-44.15,97,227,,"C8H10O, P-ETHYLPHENOL"
345,C8H10O,ETHYL PHENYL ETHER,122.167,-30.2,169.8,647,34.2,,979,4,,646.88,305.91,,,,,,,16.1673,3473.2,-78.66,112,187,,"C8H10O, ETHYL PHENYL ETHER"
346,C8H10O,2;3-XYLENOL,122.167,74.8,216.9,722.8,,,,,"47,311",,,-157.34,,,,,,16.2424,3724.58,-102.4,147,227,,"C8H10O, 2;3-XYLENOL"
347,C8H10O,2;4-XYLENOL,122.167,24.8,210.8,707.6,,,,,"47,143",,,-162.78,,,,,,13.2456,3655.26,-103.8,137,227,,"C8H10O, 2;4-XYLENOL"
348,C8H10O,2;5-XYLENOL,122.167,74.8,211.1,723,,,,,"46,892",,,-161.53,,,,,,16.2328,3667.32,-102.4,137,217,,"C8H10O, 2;5-XYLENOL"
349,C8H10O,2;6-XYLENOL,122.167,48.8,200.9,701,,,,,"44,380",,,-161.95,,,,,,16.2809,3749.35,-85.55,127,207,,"C8H10O, 2;6-XYLENOL"
350,C8H10O,3;4-XYLENOL,122.167,64.8,226.8,729.8,,,,,"49,823",,,-156.5,,,,,,16.3004,3733.53,-113.9,157,247,,"C8H10O, 3;4-XYLENOL"
351,C8H10O,3;5-XYLENOL,122.167,63.8,221.6,715.6,,,,,"49,404",,,-161.48,,,,,,16.4192,3775.91,-109,137,227,,"C8H10O, 3;5-XYLENOL"
352,C8H11N,N;N-DIMETHYLANILINE,121.183,2.4,193.5,687,36.3,,956,20,,553.02,320.03,84.15,231.36,,,,,16.9647,4276.08,-52.8,72,207,,"C8H11N, N;N-DIMETHYLANILINE"
353,C8H16,1;1-DIMETHYLCYCLOHEXANE,112.216,-33.5,119.5,591,29.7,0.416,785,16,"32,615",,,-181.12,35.25,-72.105,9.00E-01,-5.02E-04,1.03E-07,15.6535,3043.34,-55.3,10,147,,"C8H16, 1;1-DIMETHYLCYCLOHEXANE"
354,C8H16,CIS-1;2-DIMETHYLCYCLOHEXANE,112.216,-50.1,129.7,606,29.7,,796,20,"33,662",,,-172.29,41.24,-68.37,8.97E-01,-5.14E-04,1.10E-07,15.7438,3148.35,-57.31,17,157,,"C8H16, CIS-1;2-DIMETHYLCYCLOHEXANE"
355,C8H16,TRANS-1;2-DIMETHYLCYCLOHEXANE,112.216,-88.2,123.4,596,29.7,,776,20,"32,908",,,-180.12,34.5,-68.479,9.12E-01,-5.36E-04,1.18E-07,15.7337,3117.43,-54.02,13,151,,"C8H16, TRANS-1;2-DIMETHYLCYCLOHEXANE"
356,C8H16,CIS-1;3-DIMETHYLCYCLOHEXANE,112.216,-75.6,120.1,591,29.7,,766,20,"32,825",,,-184.89,29.85,-65.163,8.84E-01,-4.93E-04,1.02E-07,15.747,3081.95,-55.08,11,147,,"C8H16, CIS-1;3-DIMETHYLCYCLOHEXANE"
357,C8H16,TRANS-1;3-DIMETHYLCYCLOHEXANE,112.216,-90.2,124.4,598,29.7,,785,20,"33,871",,,-176.68,36.34,-64.154,8.83E-01,-5.02E-04,1.07E-07,15.7371,3093.95,-57.76,15,152,,"C8H16, TRANS-1;3-DIMETHYLCYCLOHEXANE"
358,C8H16,CIS-1;4-DIMETHYLCYCLOHEXANE,112.216,-87.5,124.3,598,29.7,,783,20,"33,787",,,-176.77,37.97,-64.154,8.83E-01,-5.02E-04,1.07E-07,15.7333,3098.39,-57,14,152,,"C8H16, CIS-1;4-DIMETHYLCYCLOHEXANE"
359,C8H16,TRANS-1;4-DIMETHYLCYCLOHEXANE,112.216,-37,119.3,590,29.7,,763,20,"32,615",,,184.72,31.74,-70.363,9.13E-01,-5.31E-04,1.15E-07,15.6984,3063.44,-54.57,10,147,,"C8H16, TRANS-1;4-DIMETHYLCYCLOHEXANE"
360,C8H16,ETHYLCYCLOHEXANE,112.216,-111.4,131.7,609,30.3,0.45,788,20,"34,332",506.43,280.76,-171.87,39.27,-63.891,8.89E-01,-5.11E-04,1.10E-07,15.8125,3183.25,-58.15,20,160,,"C8H16, ETHYLCYCLOHEXANE"
361,C8H16,1;1;2-TRIMETHYLCYCLOPENTANE,112.216,,113.7,579.5,29.4,,,,"32,615",,,,,,,,,15.7084,3015.51,-54.59,6,141,,"C8H16, 1;1;2-TRIMETHYLCYCLOPENTANE"
362,C8H16,1;1;3-TRIMETHYLCYCLOPENTANE,112.216,,104.8,569.5,28.3,,,,"31,694",,,,,,,,,15.6794,2938.09,-53.25,0,131,,"C8H16, 1;1;3-TRIMETHYLCYCLOPENTANE"
363,C8H16,CIS;CIS;TRANS-1;2;4-TRIMETHYLCYCLOPENTANE,112.216,,117.8,579,28.8,,,,"33,076",,,,,,,,,15.7543,3073.95,-54.2,10,145,,"C8H16, CIS;CIS;TRANS-1;2;4-TRIMETHYLCYCLOPENTANE"
364,C8H16,CIS;TRANS;CIS-1;2;4-TRIMETHYLCYCLOPENTANE,112.216,,109.2,571,28.1,,,,"33,076",,,,,,,,,15.7756,3009.7,-53.23,9,144,,"C8H16, CIS;TRANS;CIS-1;2;4-TRIMETHYLCYCLOPENTANE"
365,C8H16,1-METHYL-1-ETHYLCYCLOPENTANE,112.216,,121.5,592,29.9,,,,"33,662",,,,,,,,,15.8222,3120.66,-55.06,13,149,,"C8H16, 1-METHYL-1-ETHYLCYCLOPENTANE"
366,C8H16,N-PROPYLCYCLOPENTANE,112.216,-117.4,130.9,603,30,0.425,781,16,"34,131",454.23,264.22,-148.17,52.63,-55.973,8.45E-01,-4.92E-04,1.12E-07,15.8969,3187.67,-59.99,21,158,,"C8H16, N-PROPYLCYCLOPENTANE"
367,C8H16,ISOPROPYLCYCLOPENTANE,112.216,-112.7,126.4,601,30,,776,20,"34,122",,,,,,,,,15.8561,3176.22,-55.18,16,154,,"C8H16, ISOPROPYLCYCLOPENTANE"
368,C8H16,1-OCTENE,112.216,-101.8,121.2,566.6,26.2,0.464,715,20,"33,787",418.82,237.63,-82.98,104.29,-4.099,7.24E-01,-4.04E-04,8.68E-08,15.963,3116.52,-60.39,16,147,,"C8H16, 1-OCTENE"
369,C8H16,TRANS-2-OCTENE,112.216,-87.8,124.9,580,27.7,,720,20,"34,332",427.64,240.32,-94.58,92.74,-12.82,7.53E-01,-4.44E-04,1.05E-07,15.8554,3134.97,-58,16,152,,"C8H16, TRANS-2-OCTENE"
370,C8H18,N-OCTANE,114.232,-56.8,125.6,568.8,24.8,0.492,703,20,"34,436",473.7,251.71,-208.59,16.41,-6.096,7.71E-01,-4.20E-04,8.86E-08,15.9426,3120.29,-63.63,19,152,,"C8H18, N-OCTANE"
371,C8H18,2-METHYLHEPTANE,114.232,-109.2,117.6,559.6,24.8,0.488,702,16,"33,829",643.61,259.51,-215.62,12.77,-89.744,1.24E+00,-1.18E-03,4.62E-07,15.9278,3097.63,-59.46,12,144,,"C8H18, 2-METHYLHEPTANE"
372,C8H18,3-METHYLHEPTANE,114.232,-120.5,118.9,563.6,25.4,0.464,706,20,"33,913",,,-212.77,13.73,-9.215,7.86E-01,-4.40E-04,9.70E-08,15.8865,3065.96,-60.74,13,145,,"C8H18, 3-METHYLHEPTANE"
373,C8H18,4-METHYLHEPTANE,114.232,-121,117.7,561.7,25.4,0.476,705,20,"33,913",,,-212.23,16.75,-9.215,7.86E-01,-4.40E-04,9.70E-08,15.8893,3057.05,-60.59,12,144,,"C8H18, 4-METHYLHEPTANE"
374,C8H18,2;2-DIMETHYLHEXANE,114.232,-121.2,108.8,549.8,25.3,0.478,695,20,"32,280",,,-224.87,10.72,-9.215,7.86E-01,-4.40E-04,9.70E-08,15.7431,2932.56,-58.08,3,132,,"C8H18, 2;2-DIMETHYLHEXANE"
375,C8H18,2;3-DIMETHYLHEXANE,114.232,,115.6,563.4,26.2,0.468,712,20,"33,226",,,-214.07,17.71,-9.215,7.86E-01,-4.40E-04,9.70E-08,15.8189,3029.06,-58.99,10,142,,"C8H18, 2;3-DIMETHYLHEXANE"
376,C8H18,2;4-DIMETHYLHEXANE,114.232,,109.4,553.5,25.5,0.472,700,20,"32,615",,,-219.56,11.72,-9.215,7.86E-01,-4.40E-04,9.70E-08,15.7797,2965.44,-58.36,5,135,,"C8H18, 2;4-DIMETHYLHEXANE"
377,C8H18,2;5-DIMETHYLHEXANE,114.232,-91.3,109.1,550,24.8,0.482,693,20,"32,657",,,-222.78,10.47,-9.215,7.86E-01,-4.40E-04,9.70E-08,15.7954,2964.06,-58.74,5,135,,"C8H18, 2;5-DIMETHYLHEXANE"
378,C8H18,3;3-DIMETHYLHEXANE,114.232,-126.2,111.9,562,26.5,0.443,710,20,"32,490",446.2,244.67,-220.27,13.27,-9.215,7.86E-01,-4.40E-04,9.70E-08,15.7755,3011.51,-55.71,6,138,,"C8H18, 3;3-DIMETHYLHEXANE"
379,C8H18,3;4-DIMETHYLHEXANE,114.232,,117.7,568.8,27,0.466,719,20,"33,298",,,-213.15,17.33,-9.215,7.86E-01,-4.40E-04,9.70E-08,15.8415,3062.52,-58.29,11,144,,"C8H18, 3;4-DIMETHYLHEXANE"
380,C8H18,3-ETHYLHEXANE,114.232,,118.5,565.4,26,0.455,718,16,"33,633",437.6,238.33,-211.01,16.54,-9.215,7.86E-01,-4.40E-04,9.70E-08,15.8671,3057.57,-60.55,13,145,,"C8H18, 3-ETHYLHEXANE"
381,C8H18,2;2;3-TRIMETHYLPENTANE,114.232,-112.3,109.8,563.4,27.3,0.436,716,20,"32,029",474.57,257.61,-220.27,17.12,-9.215,7.86E-01,-4.40E-04,9.70E-08,15.7162,2981.56,-54.73,4,136,,"C8H18, 2;2;3-TRIMETHYLPENTANE"
382,C8H18,2;2;4-TRIMETHYLPENTANE,114.232,-107.4,99.2,543.9,25.6,0.468,692,20,"31,028",467.04,246.43,-224.29,13.69,-7.461,7.78E-01,-4.29E-04,9.17E-08,15.685,2896.28,-52.41,4,125,,"C8H18, 2;2;4-TRIMETHYLPENTANE"
383,C8H18,2;3;3-TRIMETHYLPENTANE,114.232,-100.7,114.7,573.5,28.2,0.455,726,20,"32,364",,,-216.58,18.92,-9.215,7.86E-01,-4.40E-04,9.70E-08,15.7578,3057.94,-52.77,7,142,,"C8H18, 2;3;3-TRIMETHYLPENTANE"
384,C8H18,2;3;4-TRIMETHYLPENTANE,114.232,-109.3,113.4,566.3,27.3,0.461,719,20,"32,753",,,-217.59,18.92,-9.215,7.86E-01,-4.40E-04,9.70E-08,15.7818,3028.09,-55.62,7,140,,"C8H18, 2;3;4-TRIMETHYLPENTANE"
385,C8H18,2-METHYL-3-ETHYLPENTANE,114.232,-115,115.6,567,27.1,0.443,719,20,"32,988",,,211.35,21.27,-9.215,7.86E-01,-4.40E-04,9.70E-08,15.804,3035.08,-57.84,9,142,,"C8H18, 2-METHYL-3-ETHYLPENTANE"
386,C8H18,3-METHYL-3-ETHYLPENTANE,114.232,-90.9,118.2,576.5,28.1,0.455,727,20,"32,816",,,-215.12,19.93,-9.215,7.86E-01,-4.40E-04,9.70E-08,15.8126,3102.06,-53.47,10,145,,"C8H18, 3-METHYL-3-ETHYLPENTANE"
387,C8H18O,1-OCTANOL,130.231,-15.5,195.2,658,34.5,0.49,826,20,"50,660",1312.1,369.97,-360.06,-120.16,6.171,7.61E-01,-3.80E-04,6.26E-08,15.7428,3017.81,-137.1,70,195,,"C8H18O, 1-OCTANOL"
388,C8H18O,2-OCTANOL,130.231,-32,179.7,637,27.4,0.494,821,20,"44,380",,,,,25.879,7.64E-01,-4.22E-04,9.06E-08,14.7108,2441.66,-150.7,72,180,,"C8H18O, 2-OCTANOL"
389,C8H18O,2-ETHYLHEXANOL,130.231,-70,184.6,613,27.6,0.494,833,20,"46,599",1798,351.17,-365.55,,-14.993,8.65E-01,-5.28E-04,1.28E-07,15.3614,2773.46,-140,75,185,,"C8H18O, 2-ETHYLHEXANOL"
390,C8H18O,BUTYL ETHER,130.231,-97.9,142.4,580,25.3,0.5,768,20,"37,263",473.5,266.56,-334.11,-88.59,6.054,7.73E-01,-4.09E-04,8.08E-08,16.0778,3296.15,-66.15,32,182,,"C8H18O, BUTYL ETHER"
391,C8H18O5,TETRAETHYLENE GLYCOL,194.229,,318.9,795.8,21,0.646,,,,,,,,7.164,8.62E-01,-2.90E-04,-9.12E-08,20.5564,8215.28,-11.5,227,427,,"C8H18O5, TETRAETHYLENE GLYCOL"
392,C8H19N,DIBUTYLAMINE,129.247,-62.2,159.6,596,25.3,0.517,767,20,"39,775",581.42,286.54,,,9.764,8.08E-01,-4.39E-04,9.25E-08,16.7307,3721.9,-64.15,49,186,,"C8H19N, DIBUTYLAMINE"
393,C8H20Si,TETRAETHYL SILANE,144.333,-82.5,153.4,603.7,26,0.582,766,20,"36,473",,,-314.93,,,,,,16.6385,3873.18,-39.33,153,-1,,"C8H20Si, TETRAETHYL SILANE"
394,C9H8,INDENE,116.163,,181.9,691.9,38.2,0.377,,,,,,,,-42.944,6.90E-01,-4.34E-04,9.15E-08,16.438,3994.97,-49.4,77,277,,"C9H8, INDENE"
395,C9H10,INDAN,118.179,,177,681.1,36.3,0.392,,,,,,,,-59.639,7.81E-01,-4.84E-04,9.85E-08,16.2601,3789.86,-57,77,277,,"C9H10, INDAN"
396,C9H10,ALPHA-METHYL STYRENE,118.179,,165.3,654,34,0.397,911,20,"38,309",354.34,270.8,,,-24.329,6.93E-01,-4.53E-04,1.18E-07,16.3308,3644.3,-67.15,75,220,,"C9H10, ALPHA-METHYL STYRENE"
397,C9H10O2,ETHYL BENZOATE,150.178,-34.9,212.7,697,32.4,0.451,1046,20,"44,799",746.5,338.47,,,20.67,6.89E-01,-3.61E-04,5.06E-08,16.2065,3845.09,-84.15,88,258,,"C9H10O2, ETHYL BENZOATE"
398,C9H12,N-PROPYLBENZENE,120.195,-99.5,159.2,638.3,32,0.44,862,20,"38,267",527.45,282.65,7.83,137.33,-31.288,7.49E-01,-4.60E-04,1.08E-07,16.0062,3433.84,-66.01,43,188,,"C9H12, N-PROPYLBENZENE"
399,C9H12,ISOPROPYLBENZENE,120.195,-96.1,152.4,631,32.1,0.428,862,20,"37,556",517.17,276.22,3.94,137.08,-39.364,7.84E-01,-5.09E-04,1.29E-07,15.9722,3363.6,-63.37,38,181,,"C9H12, ISOPROPYLBENZENE"
400,C9H12,1-METHYL-2-ETHYLBENZENE,120.195,-80.9,165.1,651,30.4,0.46,881,20,"38,895",,,1.21,131.17,-16.446,7.00E-01,-4.12E-04,9.33E-08,16.1253,3535.33,-65.85,48,194,,"C9H12, 1-METHYL-2-ETHYLBENZENE"
401,C9H12,1-METHYL-3-ETHYLBENZENE,120.195,-95.6,161.3,637,28.4,0.49,865,20,"38,560",,,-1.93,126.53,-28.998,7.29E-01,-4.36E-04,1.00E-07,16.1545,3521.08,-64.64,45,190,,"C9H12, 1-METHYL-3-ETHYLBENZENE"
402,C9H12,1-METHYL-4-ETHYLBENZENE,120.195,-62.4,162,640,29.4,0.47,861,20,"38,435",463.17,266.08,-2.05,126.78,-27.31,7.18E-01,-4.22E-04,9.54E-08,16.1135,3516.31,-64.23,45,190,,"C9H12, 1-METHYL-4-ETHYLBENZENE"
403,C9H12,1;2;3-TRIMETHYLBENZENE,120.195,-25.5,176,664.5,34.6,0.43,894,20,"40,068",,,-9.59,124.64,-6.942,6.33E-01,-3.33E-04,6.61E-08,16.2121,3670.22,-66.07,56,206,,"C9H12, 1;2;3-TRIMETHYLBENZENE"
404,C9H12,1;2;4-TRIMETHYLBENZENE,120.195,-46.2,169.3,649.1,32.3,0.43,880,16,"39,272",872.74,297.75,-13.94,117.02,-4.668,6.24E-01,-3.26E-04,6.38E-08,16.219,3622.58,-64.59,51,198,,"C9H12, 1;2;4-TRIMETHYLBENZENE"
405,C9H12,1;3;5-TRIMETHYLBENZENE,120.195,-44.8,164.7,637.3,31.3,0.433,865,20,"39,063",437.52,268.27,-16.08,118.03,-19.59,6.72E-01,-3.69E-04,7.70E-08,16.2893,3614.19,-63.57,48,193,,"C9H12, 1;3;5-TRIMETHYLBENZENE"
406,C9H18,N-PROPYLCYCLOHEXANE,126.243,-94.5,156.7,639,28.1,,793,20,"36,090",549.08,293.93,-193.43,47.35,-62.517,9.89E-01,-5.80E-04,1.29E-07,15.8567,3363.62,-65.21,40,186,,"C9H18, N-PROPYLCYCLOHEXANE"
407,C9H18,ISOPROPYLCYCLOHEXANE,126.243,-89.8,154.5,640,28.4,,802,20,,,,,,,,,,15.826,3346.12,-63.71,57,167,,"C9H18, ISOPROPYLCYCLOHEXANE"
408,C9H18,1-NONENE,126.243,-81.4,146.8,592,23.4,0.58,745,0,"36,341",471,258.92,-103.58,112.75,-3.718,8.12E-01,-4.51E-04,9.71E-08,16.0118,3305.03,-67.61,35,175,,"C9H18, 1-NONENE"
409,C9H20,N-NONANE,128.259,-53.5,150.8,594.6,23.1,0.548,718,20,"36,940",525.56,272.12,-229.19,24.83,3.144,6.77E-01,-1.93E-04,-2.98E-08,15.9671,3291.45,-71.33,39,179,,"C9H20, N-NONANE"
410,C9H20,2;2;3-TRIMETHYLHEXANE,128.259,,133.6,588,24.9,,,,"34,792",,,-241.37,24.53,-45.632,1.06E+00,-7.17E-04,1.99E-07,15.8017,3164.17,-61.66,24,163,,"C9H20, 2;2;3-TRIMETHYLHEXANE"
411,C9H20,2;2;4-TRIMETHYLHEXANE,128.259,-120.2,126.5,573.7,23.7,,720,16,"34,039",,,-243.38,22.52,-60.311,1.10E+00,-7.71E-04,2.19E-07,15.7639,3084.08,-61.94,18,155,,"C9H20, 2;2;4-TRIMETHYLHEXANE"
412,C9H20,2;2;5-TRIMETHYLHEXANE,128.259,-105.8,124.1,568,23.3,0.519,717,16,"33,787",,,254.18,13.44,-54.106,1.09E+00,-7.75E-04,2.25E-07,15.7445,3052.17,-62.24,42,147,,"C9H20, 2;2;5-TRIMETHYLHEXANE"
413,C9H20,3;3-DIMETHYLPENTANE,128.259,,146.1,610,26.7,,752,20,"36,006",,,231.95,35.09,-67.269,1.13E+00,-7.99E-04,2.31E-07,15.8709,3341.62,-57.57,77,167,,"C9H20, 3;3-DIMETHYLPENTANE"
414,C9H20,2;2;3;3-TETRAMETHYLPENTANE,128.259,,140.2,607.6,27.4,,,,"35,295",,,-237.39,34.33,-54.583,1.09E+00,-7.57E-04,2.14E-07,15.728,3220.55,-59.31,55,167,,"C9H20, 2;2;3;3-TETRAMETHYLPENTANE"
415,C9H20,2;2;3;4-TETRAMETHYLPENTANE,128.259,,133,592.7,26,,,,"34,290",,,-237.22,32.66,-54.583,1.09E+00,-7.57E-04,2.14E-07,15.7363,3167.42,-58.21,45,157,,"C9H20, 2;2;3;4-TETRAMETHYLPENTANE"
416,C9H29,2;2;4;4-TETRAMETHYLPENTANE,128.259,-67.2,122.2,574.7,24.8,,719,20,"32,866",,,-242.12,34.04,-67.403,1.17E+00,-8.61E-04,2.57E-07,15.6488,3049.98,-57.13,40,140,,"C9H29, 2;2;4;4-TETRAMETHYLPENTANE"
417,C9H20,2;3;3;4-TETRAMETHYLPENTANE,128.259,,141.5,607.6,27.2,,,,"34,960",,,-236.39,34.12,-54.918,1.09E+00,-7.60E-04,2.16E-07,15.8029,3269.07,-58.19,52,152,,"C9H20, 2;3;3;4-TETRAMETHYLPENTANE"
418,C10H8,NAPHTHALENE,128.174,80.3,217.9,748.4,40.5,0.41,971,90,"43,292",873.32,352.57,151.06,223.74,-68.802,8.50E-01,-6.51E-04,1.98E-07,16.1426,3992.01,-71.29,87,252,,"C10H8, NAPHTHALENE"
419,C10H12,1;2;3;4-TETRAHYDRONAPHTHALENE,132.206,-31.2,207.5,719,35.2,,973,20,"39,733",,,27.63,167.05,,,,,16.2805,4009.49,-64.98,92,227,,"C10H12, 1;2;3;4-TETRAHYDRONAPHTHALENE"
420,C10H14,N-BUTYLBENZENE,134.222,-88,183.2,660.5,28.9,0.497,860,20,"39,272",563.84,296.01,-13.82,144.78,-22.99,7.93E-01,-4.40E-04,8.57E-08,16.0793,3633.4,-71.77,62,213,,"C10H14, N-BUTYLBENZENE"
421,C10H14,ISOBUTYLBENZENE,134.222,-51.5,172.7,650,31.4,0.48,853,20,"37,849",,,-21.56,,,,,,15.9524,3512.47,-69.03,53,203,,"C10H14, ISOBUTYLBENZENE"
422,C10H14,SEC-BUTYLBENZENE,134.222,-75.5,173.3,664,29.5,,862,20,"37,974",582.82,295.82,-17.46,,-65.147,9.89E-01,-7.21E-04,2.15E-07,15.9999,3544.19,-68.1,52,203,,"C10H14, SEC-BUTYLBENZENE"
423,C10H14,TERT-BUTYLBENZENE,134.222,-57.9,169.1,660,29.7,,867,20,"37,639",,,-22.69,,-86.001,1.10E+00,-8.75E-04,2.83E-07,15.93,3462.28,-69.87,50,199,,"C10H14, TERT-BUTYLBENZENE"
424,C10H14,1-METHYL-2-ISOPROPYLBENZENE,134.222,,178.3,670,29,,876,20,,,,,,,,,,15.9809,3564.52,-70,57,208,,"C10H14, 1-METHYL-2-ISOPROPYLBENZENE"
425,C10H14,1-METHYL-3-ISOPROPYLBENZENE,134.222,,175.1,666,29.4,,861,20,"38,142",,,-29.31,,-48.759,9.06E-01,-6.05E-04,1.63E-07,15.9811,3543.79,-69.22,55,205,,"C10H14, 1-METHYL-3-ISOPROPYLBENZENE"
426,C10H14,1-METHYL-4-ISOPROPYLBENZENE,134.222,-73.2,177.1,653,28.3,,857,20,,,,,,,,,,15.9424,3539.21,-70.1,56,207,,"C10H14, 1-METHYL-4-ISOPROPYLBENZENE"
427,C10H14,1;4-DIETHYLBENZENE,134.222,-42.2,183.7,657.9,28.1,0.48,862,20,"39,398",,,-22.27,137.96,-37.417,8.67E-01,-5.56E-04,1.41E-07,16.114,3657.22,-71.18,62,214,,"C10H14, 1;4-DIETHYLBENZENE"
428,C10H14,1;2;4;5-TETRAMETHYLBENZENE,134.222,78.8,196.8,675,29.4,0.48,838,81,"45,552",,,-45.3,119.53,15.265,6.52E-01,-2.88E-04,3.26E-08,16.3023,3850.91,-71.72,88,227,,"C10H14, 1;2;4;5-TETRAMETHYLBENZENE"
429,C10H15N,N-BUTYLANILINE,149.236,-14.2,240.7,721,28.4,0.518,932,20,"48,944",1111.1,341.28,,,-34.068,9.14E-01,-5.56E-04,1.29E-07,16.3994,4079.72,-96.15,112,287,,"C10H15N, N-BUTYLANILINE"
430,C10H18,CIS-DECALIN,138.254,-43.2,195.7,702.2,31.4,,897,20,"39,356",,,-169.06,85.87,-112.457,1.12E+00,-6.61E-04,1.44E-07,15.8312,3671.61,-69.74,95,222,,"C10H18, CIS-DECALIN"
431,C10H18,TRANS-DECALIN,138.254,-30.4,187.2,690,31.4,,870,20,"38,519",702.27,339.66,-182.42,73.48,-97.67,1.04E+00,-5.48E-04,8.98E-08,15.7989,3610.66,-66.49,90,197,,"C10H18, TRANS-DECALIN"
432,C10H19N,CAPRYLONITRILE,153.269,-17.9,242.8,622,32.5,,820,20,,,,,,,,,,,,,,,,"C10H19N, CAPRYLONITRILE"
433,C10H20,N-BUTYLCYCLOHEXANE,140.27,-74.8,180.9,667,31.5,,799,20,"38,519",598.3,311.39,-213.32,56.48,-62.957,1.06E+00,-6.31E-04,1.40E-07,15.9116,3542.57,-72.32,59,212,,"C10H20, N-BUTYLCYCLOHEXANE"
434,C10H20,ISOBUTYLCYCLOHEXANE,140.27,,171.3,659,31.2,,795,20,,,,,,,,,,15.8141,3437.99,-69.99,82,182,,"C10H20, ISOBUTYLCYCLOHEXANE"
435,C10H20,SEC-BUTYLCYCLOHEXANE,140.27,,179.3,669,26.7,,813,20,,,,,,,,,,15.867,3524.57,-70.78,87,197,,"C10H20, SEC-BUTYLCYCLOHEXANE"
436,C10H20,TERT-BUTYLCYCLOHEXANE,140.27,-41.2,171.5,659,26.6,,813,20,,,,,,,,,,15.7884,3457.85,-67.04,84,177,,"C10H20, TERT-BUTYLCYCLOHEXANE"
437,C10H20,1-DECENE,140.27,-66.3,170.5,615,22.1,0.65,741,20,"38,686",518.37,277.8,-124.22,121.12,-4.664,9.08E-01,-5.06E-04,1.10E-07,16.0129,3448.18,-76.09,83,187,,"C10H20, 1-DECENE"
438,C10H20O,MENTHOL,156.269,42.8,216.3,694,,,,,,,,,,,,,,19.0161,5539.9,-37.85,212,56,,"C10H20O, MENTHOL"
439,C10H22,N-DECANE,142.286,-29.7,174.1,617.6,21.1,0.603,730,20,"39,306",558.61,288.37,-249.83,33.24,-7.913,9.61E-01,-5.29E-04,1.13E-07,16.0114,3456.8,-78.67,57,203,,"C10H22, N-DECANE"
440,C10H22,3;3;5-TRIMETHYLHEPTANE,142.286,,155.6,609.6,23.2,,,,"36,676",,,-258.74,33.58,-70.372,1.23E+00,-8.65E-04,2.46E-07,15.7848,3305.2,-67.66,40,275,,"C10H22, 3;3;5-TRIMETHYLHEPTANE"
441,C10H22,2;2;3;3-TETRAMETHYLHEXANE,142.286,,160.3,623.1,25.1,,,,"36,383",,,,,-58.833,1.23E+00,-8.83E-04,2.58E-07,15.7598,3371.05,-64.09,41,190,,"C10H22, 2;2;3;3-TETRAMETHYLHEXANE"
442,C10H22,2;2;5;5-TETRAMETHYLHEXANE,142.286,,137.4,581.5,21.9,,,,"35,295",,,,,-62.341,1.24E+00,-8.96E-04,2.62E-07,15.8446,3172.92,-66.15,27,165,,"C10H22, 2;2;5;5-TETRAMETHYLHEXANE"
443,C10H22O,1-DECANOL,158.285,6.9,230.2,700,22.3,0.6,830,20,"50,242",1481.8,380,-401.93,-104.25,14.57,8.95E-01,-3.92E-04,3.45E-08,15.9395,3389.43,-139,103,230,,"C10H22O, 1-DECANOL"
444,C11H10,1-METHYLNAPHTHALENE,142.201,-30.5,244.6,772,35.7,0.445,1020,20,"46,055",862.89,361.76,116.94,217.84,-64.82,9.39E-01,-6.94E-04,2.02E-07,16.2008,4206.7,-78.15,107,278,,"C11H10, 1-METHYLNAPHTHALENE"
445,C11H10,2-METHYLNAPHTHALENE,142.201,34.5,241,761,35.1,0.462,990,40,"46,055",695.42,351.79,116.18,216.29,-56.518,9.00E-01,-6.47E-04,1.84E-07,16.2758,4237.37,-74.75,104,275,,"C11H10, 2-METHYLNAPHTHALENE"
446,C11H14O2,BUTYL BENZOATE,178.232,-22.2,249.8,723,26.3,0.561,1006,20,"48,986",882.36,350.34,,,-17.367,8.68E-01,-4.61E-04,7.23E-08,16.3363,4158.47,-94.15,117,297,,"C11H14O2, BUTYL BENZOATE"
447,C11H22,N-HEXYLCYCLOPENTANE,154.297,,203.1,660.1,21.4,,,,"41,198",617.57,318.65,-209.63,78.25,-58.322,1.13E+00,-6.54E-04,1.47E-07,16.014,3702.56,-81.55,78,234,,"C11H22, N-HEXYLCYCLOPENTANE"
448,C11H22,1-UNDECENE,154.297,-49.2,192.6,637,20,,751,20,"40,905",566.26,294.89,-144.86,129.54,-5.585,1.00E+00,-5.60E-04,1.22E-07,16.0412,3597.72,-83.41,72,223,,"C11H22, 1-UNDECENE"
449,C11H24,N-UNDECANE,156.313,-25.6,195.9,638.8,19.7,0.66,740,20,"41,533",605.5,305.01,-270.47,41.62,-8.395,1.05E+00,-5.80E-04,1.24E-07,16.0541,3614.07,-85.45,75,225,,"C11H24, N-UNDECANE"
450,C12H8,ACENAPHTHALENE,152.196,95,270,796.9,32.2,0.487,,,,,,,,-64.623,8.85E-01,-5.85E-04,1.31E-07,16.3091,4470.92,-81.4,177,377,,"C12H8, ACENAPHTHALENE"
451,C12H10,DIPHENYL,154.212,69.2,255.2,789,38.5,0.502,990,74,"45,636",733.87,369.58,182.21,280.26,-97.067,1.11E+00,-8.86E-04,2.79E-07,16.6832,4602.23,-70.42,70,272,,"C12H10, DIPHENYL"
452,C12H10O,DIPHENYL ETHER,170.211,26.8,258,766,31.4,,1066,30,"47,143",1146,379.29,49.99,,-60.73,9.28E-01,-5.87E-04,1.36E-07,16.3459,4310.25,-87.31,145,325,,"C12H10O, DIPHENYL ETHER"
453,C12H24,N-HEPTYLCYCLOPENTANE,168.324,,224.1,679,19.5,,,,"43,375",654.77,333.12,-230.27,86.67,-59.264,1.22E+00,-7.08E-04,1.60E-07,16.0589,3850.38,-88.75,95,256,,"C12H24, N-HEPTYLCYCLOPENTANE"
454,C12H24,1-DODECENE,168.324,-35.2,213.3,657,18.5,,758,20,"42,998",615.67,310.07,-165.46,138,-6.544,1.10E+00,-6.16E-04,1.34E-07,16.061,3729.87,-90.88,88,244,,"C12H24, 1-DODECENE"
455,C12H26,N-DODECANE,170.34,-9.6,216.3,658.3,18.2,0.713,748,20,"43,668",631.63,318.78,-291.07,50.07,-9.328,1.15E+00,-6.35E-04,1.36E-07,16.1134,3774.56,-91.31,91,247,,"C12H26, N-DODECANE"
456,C12H260,DIHEXYL ETHER,186.339,-43.2,226.4,657,18.2,0.72,794,20,"45,636",723.43,323.35,,,33.536,1.07E+00,-5.54E-04,1.68E-07,16.3372,3982.78,-89.15,100,272,,"C12H260, DIHEXYL ETHER"
457,C12H26O,DODECANOL,186.339,23.9,259.9,679,19.3,0.718,835,20,,1417.8,398.89,-443.13,-87.13,9.224,1.10E+00,-5.34E-04,7.78E-08,15.2638,3242.04,-157.1,134,307,,"C12H26O, DODECANOL"
458,C12H27N,TRIBUTYLAMINE,185.355,,213.4,643,18.2,,779,20,"44,380",889.06,312.48,,,7.993,1.20E+00,-6.70E-04,1.45E-07,16.2878,3865.58,-86.15,89,258,,"C12H27N, TRIBUTYLAMINE"
459,C13H10,FLUORENE,166.223,114,297.9,822.3,29.9,0.534,,,,,,,,-54.491,9.04E-01,-5.39E-04,9.26E-08,18.2166,6462.6,-13.4,207,407,,"C13H10, FLUORENE"
460,C13H12,DIPHENYLMETHANE,168.239,26.8,264.3,767,29.8,,1006,20,,,,,,,,,,14.4856,2902.44,-167.9,200,290,,"C13H12, DIPHENYLMETHANE"
461,C13H26,N-OCTYLCYCLOPENTANE,182.351,,243.7,694,17.9,,,,"45,427",695.83,346.19,-250.87,95.12,-59.951,1.32E+00,-7.61E-04,1.71E-07,16.0941,3983.01,-95.85,112,276,,"C13H26, N-OCTYLCYCLOPENTANE"
462,C13H26,1-TRIDECENE,182.351,-23.1,232.7,674,17,,766,20,"45,008",658.16,323.71,-186.1,146.37,-7.118,1.19E+00,-6.67E-04,1.45E-07,16.085,3856.23,-97.94,104,264,,"C13H26, 1-TRIDECENE"
463,C13H28,N-TRIDECANE,184.367,-5.4,235.4,675.8,17.2,0.78,756,20,"45,678",664.1,332.1,-311.71,58.49,-10.463,1.25E+00,-6.91E-04,1.49E-07,16.1355,3892.91,-98.93,107,267,,"C13H28, N-TRIDECANE"
464,C14H10,ANTHRACENE,178.234,216.5,341.2,883,,,,,"56,522",513.28,405.81,224.83,,-58.979,1.01E+00,-6.59E-04,1.61E-07,17.6701,6492.44,-26.13,217,382,,"C14H10, ANTHRACENE"
465,C14H10,PHENANTHRENE,178.234,100.5,339.4,878,,,,,"55,684",,,202.64,,-58.979,1.01E+00,-6.59E-04,1.61E-07,16.7187,5477.94,-69.39,177,382,,"C14H10, PHENANTHRENE"
466,C14H28,N-NONYLCYCLOPENTANE,196.378,,262.1,710.5,16.5,,,,"47,269",735.19,357.74,-271.51,103.5,-60.809,1.41E+00,-8.16E-04,1.83E-07,16.1089,4096.3,-103,127,296,,"C14H28, N-NONYLCYCLOPENTANE"
467,C14H28,1-TETRADECENE,196.378,-12.9,251.1,689,15.6,,786,0,"46,934",697.49,336.13,-206.66,154.87,-7.967,1.29E+00,-7.21E-04,1.57E-07,16.1643,4018.01,-102.7,119,284,,"C14H28, 1-TETRADECENE"
468,C14H30,N-TETRADECANE,198.394,5.8,253.5,694,16.2,0.83,763,20,"47,646",689.85,344.21,-332.35,66.86,-10.982,1.34E+00,-7.42E-04,1.60E-07,16.148,4008.52,-105.4,121,287,,"C14H30, N-TETRADECANE"
469,C15H12,1-PHENYLINDENE,192.261,,322,843.7,27,0.598,,,,,,,,-96.154,1.19E+00,-7.79E-04,1.77E-07,16.417,4872.9,-97.3,227,427,,"C15H12, 1-PHENYLINDENE"
470,C15H14,2-ETHYLFLUORENE,194.277,,309,811.1,24.6,0.629,,,,,,,,-107.036,1.26E+00,-8.16E-04,1.79E-07,16.5199,4789.44,-97.9,207,407,,"C15H14, 2-ETHYLFLUORENE"
471,C15H30,N-DECYLCYCLOPENTANE,210.405,,279.3,723.8,15.2,,,,"49,027",771.74,368.3,-292.15,111.91,-61.923,1.51E+00,-8.72E-04,1.96E-07,16.1261,4203.94,-109.7,140,313,,"C15H30, N-DECYLCYCLOPENTANE"
472,C15H30,1-PENTADECENE,210.405,-3.8,268.3,704,14.6,,791,0,"48,692",739.13,347.46,-227.39,163.16,-9.203,1.38E+00,-7.78E-04,1.70E-07,16.1539,4103.15,-110.6,133,301,,"C15H30, 1-PENTADECENE"
473,C15H32,N-PENTADECANE,212.421,9.8,270.6,707,15.2,0.88,769,20,"49,488",718.51,355.92,-352.99,75.28,-11.916,1.43E+00,-7.97E-04,1.72E-07,16.1724,4121.51,-111.8,135,304,,"C15H32, N-PENTADECANE"
474,C16H10,FLUORANTHENE,202.256,110,393,936.6,26,0.66,,,,,,,,-80.706,1.17E+00,-7.94E-04,1.86E-07,16.4523,5438.77,-112.4,287,487,,"C16H10, FLUORANTHENE"
475,C16H10,PYRENE,202.256,151,362,892.1,26,0.637,,,,,,,,-94.379,1.19E+00,-7.93E-04,1.76E-07,16.4842,5203.08,-107.2,257,477,,"C16H10, PYRENE"
476,C16H12,N-PHENYLNAPHTHALENE,204.272,,316,840.1,26.3,0.605,,,,,,,,-99.516,1.15E+00,-6.11E-04,6.06E-08,16.9691,5351.04,-81.7,227,427,,"C16H12, N-PHENYLNAPHTHALENE"
477,C16H22O4,DIBUTYL-O-PHTHALATE,278.35,-35.2,334.8,,,,1047,20,"79,131",2588.1,336.24,,,1.88,1.25E+00,-6.12E-04,6.97E-08,16.9539,4852.47,-138.1,196,384,,"C16H22O4, DIBUTYL-O-PHTHALATE"
478,C16H32,N-DECYLCYCLOHEXANE,224.432,,297.6,750,13.6,,,,"50,409",925.84,378.69,,,-69.015,1.65E+00,-9.61E-04,2.14E-07,16.1627,4373.37,-111.8,190,300,,"C16H32, N-DECYLCYCLOHEXANE"
479,C16H32,1-HEXADECENE,224.432,4.1,284.8,717,13.4,,788,10,"50,451",767.48,357.85,-247.98,171.62,-9.705,1.48E+00,-8.30E-04,1.81E-07,16.2203,4245,-115.2,147,319,,"C16H32, 1-HEXADECENE"
480,C16H32O2,PALMIC ACID,256.431,63,348.5,791,19,0.946,828,102,"66,992",,,-723.06,,,,,,18.9558,7049.18,-55.08,353,153,,"C16H32O2, PALMIC ACID"
481,C16H34,N-HEXADECANE,226.448,17.8,286.8,717,14.2,,773,20,"51,246",738.3,366.11,-373.59,83.74,-13.017,1.53E+00,-8.54E-04,1.85E-07,16.1841,4214.91,-118.7,150,321,,"C16H34, N-HEXADECANE"
482,C17H34,N-DODECYLCYCLOPENTANE,238.459,,310.9,750,13,,,,"52,628",853.53,385.53,-336.12,126.02,-63.263,1.70E+00,-9.77E-04,2.19E-07,16.1915,4395.87,-124.2,168,346,,"C17H34, N-DODECYLCYCLOPENTANE"
483,C17H36O,HEPTADECANOL,256.474,53.8,323.8,736,14.2,,848,54,"60,709",,,-546.25,-44.67,-7.792,1.65E+00,-9.35E-04,2.04E-07,15.6161,3672.62,-188.1,191,383,,"C17H36O, HEPTADECANOL"
484,C17H36,N-HEPTADECANE,240.475,21.8,302,733,13.2,1,778,20,"52,921",757.88,375.9,-394.19,92.15,-13.967,1.62E+00,-9.08E-04,1.97E-07,16.151,4294.55,-124,161,337,,"C17H36, N-HEPTADECANE"
485,C18H12,CHRYSENE,228.294,255,448,993.6,23.9,0.736,,,,,,,,-115.757,1.34E+00,-8.31E-04,1.54E-07,16.6038,5915.26,-128.1,377,577,,"C18H12, CHRYSENE"
486,C18H14,O-TERPHENYL,230.31,56.8,331.8,891,39,0.769,,,,1094.1,461.27,,,,,,,,,,,,,"C18H14, O-TERPHENYL"
487,C18H14,M-TERPHENYL,230.31,86.8,364.8,924.8,35.1,0.784,,,,940.58,460.94,,,,,,,,,,,,,"C18H14, M-TERPHENYL"
488,C18H14,P-TERPHENYL,230.31,211.8,375.8,926,33.2,0.779,,,,911.01,461.1,,,,,,,,,,,,,"C18H14, P-TERPHENYL"
489,C18H34O2,OLEIC ACID,282.469,13.3,362.3,797,17,1.035,893,20,"68,131",,,-646.02,,,,,,18.2445,5884.49,-127.26,360,176,,"C18H34O2, OLEIC ACID"
490,C18H36,1-OCTADECENE,252.486,17.6,314.8,739,11.3,,789,20,"54,303",816.19,376.93,-289.22,188.45,-11.329,1.66E+00,-9.37E-04,2.05E-07,16.2221,4416.13,-127.3,171,350,,"C18H36, 1-OCTADECENE"
491,C18H36,N-TRIDECYLCYCLOPENTANE,252.486,,325.4,761,12.1,,,,"54,345",891.8,392.78,-353.99,137.08,-64.209,1.79E+00,-1.03E-03,2.31E-07,16.227,4483.13,-131.3,180,361,,"C18H36, N-TRIDECYLCYCLOPENTANE"
492,C18H36O2,STEARIC ACID,284.485,70,371.9,810,16.5,1.054,844,70,"70,049",,,-764.51,,,,,,19.8034,7709.35,-57.83,370,174,,"C18H36O2, STEARIC ACID"
493,C18H38,N-OCTADECANE,254.502,28.1,316.3,745,12.1,,777,28,"54,512",777.4,385,-414.83,100.57,-14.47,1.72E+00,-9.59E-04,2.08E-07,16.1232,4361.79,-129.9,172,352,,"C18H38, N-OCTADECANE"
494,C18H38O,1-OCTADECANOL,270.501,57.8,334.8,747,14.2,,812,59,,,,-566.85,-36.22,-8.704,1.75E+00,-8.52E-04,2.16E-07,15.6898,3757.82,-193.1,201,385,,"C18H38O, 1-OCTADECANOL"
495,C19H38,N-TETRADECYLCYCLOPENTANE,266.513,,325.8,772,11.2,,,,"56,019",924.6,399.62,-374.63,145.58,-64.929,1.88E+00,-1.09E-03,2.43E-07,16.2632,4439.38,-138.1,192,375,,"C19H38, N-TETRADECYLCYCLOPENTANE"
496,C19H40,N-NONADECANE,268.529,31.8,329.9,756,11.1,,789,32,"56,061",793.62,393.54,-435.43,108.98,-15.491,1.81E+00,-1.02E-03,2.21E-07,16.1533,4450.44,-135.6,183,366,,"C19H40, N-NONADECANE"
497,C20H40,N-PENTADECYLCYCLOPENTANE,280.54,,351.8,780,10.2,,,,"57,694",950.57,406.33,-395.28,153.99,-66.093,1.98E+00,-1.14E-03,2.55E-07,16.3092,4642.01,-145.1,203,388,,"C20H40, N-PENTADECYLCYCLOPENTANE"
498,C20H42,N-EICOSANE,282.556,36.8,343.8,767,11.1,,775,40,"57,527",811.29,401.67,-456.07,117.4,-22.383,1.94E+00,-1.12E-03,2.53E-07,16.4685,4680.46,-141.1,198,379,,"C20H42, N-EICOSANE"
499,C20H42O,1-EICOSANOL,298.555,65.8,355.8,770,12.2,,,,"65,314",,,-608.13,-19.43,-12.581,1.95E+00,-1.12E-03,2.52E-07,15.8233,3912.1,-203.1,219,406,,"C20H42O, 1-EICOSANOL"
500,C21H42,N-HEXADECYLCYCLOPENTANE,294.567,,363.8,791,9.7,,,,"59,369",977.42,412.29,-415.87,162.41,-66.683,2.07E+00,-1.24E-03,2.67E-07,16.3553,4715.69,-152.1,215,401,,"C21H42, N-HEXADECYLCYCLOPENTANE"
